date,ticker,open,high,low,close,volume
2024-08-27,BULL,11.229999542236328,11.229999542236328,11.220000267028809,11.229999542236328,16400
2024-08-27,LIDR,1.350000023841858,1.3799999952316284,1.2699999809265137,1.3300000429153442,55500
2024-08-27,ORBS,1.940000057220459,1.9700000286102295,1.8899999856948853,1.899999976158142,12600
2024-08-27,ORCL,137.85000610351562,139.5,137.74000549316406,138.47999572753906,3872200
2024-08-27,PLTR,30.549999237060547,31.1200008392334,30.3799991607666,30.84000015258789,23541300
2024-08-28,BULL,11.220000267028809,11.239999771118164,11.220000267028809,11.229999542236328,1084800
2024-08-28,LIDR,1.309000015258789,1.3170000314712524,1.2599999904632568,1.2699999809265137,60500
2024-08-28,ORBS,1.8700000047683716,1.9140000343322754,1.8200000524520874,1.8450000286102295,11000
2024-08-28,ORCL,138.8300018310547,138.9499969482422,136.91000366210938,137.8800048828125,3022600
2024-08-28,PLTR,30.6200008392334,30.799999237060547,29.75,30.360000610351562,33961400
2024-08-29,BULL,11.239999771118164,11.239999771118164,11.229999542236328,11.234999656677246,40100
2024-08-29,LIDR,1.2799999713897705,1.284999966621399,1.2000000476837158,1.25,147900
2024-08-29,ORBS,1.809999942779541,1.8600000143051147,1.7899999618530273,1.8200000524520874,10500
2024-08-29,ORCL,139.13999938964844,141.16000366210938,138.85000610351562,139.4199981689453,4588400
2024-08-29,PLTR,30.649999618530273,31.81999969482422,30.483999252319336,31.0,39733000
2024-08-30,BULL,11.24899959564209,11.25,11.230999946594238,11.25,1000
2024-08-30,LIDR,1.25,1.2799999713897705,1.2200000286102295,1.25,96100
2024-08-30,ORBS,1.840000033378601,1.8849999904632568,1.7999999523162842,1.7999999523162842,14000
2024-08-30,ORCL,140.3300018310547,141.72000122070312,140.10000610351562,141.2899932861328,7980700
2024-08-30,PLTR,31.049999237060547,31.5,30.700000762939453,31.479999542236328,42388000
2024-09-03,BULL,11.239999771118164,11.289999961853027,11.239999771118164,11.279999732971191,816000
2024-09-03,LIDR,1.2400000095367432,1.2450000047683716,1.1699999570846558,1.190000057220459,45300
2024-09-03,ORBS,1.840000033378601,1.9299999475479126,1.5800000429153442,1.7300000190734863,49600
2024-09-03,ORCL,140.4499969482422,142.1999969482422,138.8300018310547,139.5,6831200
2024-09-03,PLTR,31.350000381469727,31.589000701904297,30.165000915527344,30.510000228881836,34531600
2024-09-04,BULL,11.270000457763672,11.279999732971191,11.26099967956543,11.274999618530273,41600
2024-09-04,LIDR,1.1799999475479126,1.1799999475479126,1.100000023841858,1.1299999952316284,92400
2024-09-04,ORBS,1.7300000190734863,1.7400000095367432,1.6299999952316284,1.7000000476837158,11900
2024-09-04,ORCL,138.44000244140625,141.10000610351562,137.9499969482422,140.75,6243300
2024-09-04,PLTR,30.0,30.850000381469727,29.309999465942383,30.59000015258789,33419500
2024-09-05,BULL,11.270000457763672,11.270000457763672,11.270000457763672,11.270000457763672,122500
2024-09-05,LIDR,1.1399999856948853,1.149999976158142,1.0700000524520874,1.090000033378601,212300
2024-09-05,ORBS,1.6799999475479126,1.6799999475479126,1.5,1.5499999523162842,38500
2024-09-05,ORCL,141.39999389648438,143.27999877929688,140.30999755859375,142.61000061035156,8733200
2024-09-05,PLTR,30.239999771118164,30.739999771118164,30.010000228881836,30.15999984741211,24012300
2024-09-06,BULL,11.28499984741211,11.28499984741211,11.270000457763672,11.279999732971191,204900
2024-09-06,LIDR,1.0800000429153442,1.1100000143051147,1.0700000524520874,1.0800000429153442,129100
2024-09-06,ORBS,1.5800000429153442,1.659999966621399,1.3200000524520874,1.4199999570846558,38500
2024-09-06,ORCL,143.7899932861328,143.94000244140625,139.39999389648438,141.80999755859375,11154800
2024-09-06,PLTR,30.600000381469727,31.040000915527344,29.5,30.329999923706055,50946800
2024-09-09,BULL,11.265999794006348,11.265999794006348,11.265999794006348,11.265999794006348,500
2024-09-09,LIDR,1.0499999523162842,1.149999976158142,1.0499999523162842,1.100000023841858,145600
2024-09-09,ORBS,1.3899999856948853,1.4900000095367432,1.3600000143051147,1.4700000286102295,46400
2024-09-09,ORCL,142.49000549316406,143.3000030517578,139.50999450683594,139.88999938964844,20233400
2024-09-09,PLTR,32.70000076293945,34.70000076293945,32.470001220703125,34.599998474121094,140582500
2024-09-10,BULL,11.270000457763672,11.270000457763672,11.260000228881836,11.260000228881836,10400
2024-09-10,LIDR,1.100000023841858,1.1200000047683716,1.059999942779541,1.100000023841858,114700
2024-09-10,ORBS,1.440000057220459,1.4500000476837158,1.3799999952316284,1.3899999856948853,13800
2024-09-10,ORCL,154.22999572753906,160.52000427246094,153.1199951171875,155.88999938964844,37374200
2024-09-10,PLTR,34.810001373291016,35.20000076293945,33.709999084472656,34.7599983215332,91721000
2024-09-11,BULL,11.265000343322754,11.265000343322754,11.260000228881836,11.260000228881836,53800
2024-09-11,LIDR,1.1100000143051147,1.1299999952316284,1.0499999523162842,1.090000033378601,99800
2024-09-11,ORBS,1.399999976158142,1.434000015258789,1.3300000429153442,1.3700000047683716,12400
2024-09-11,ORCL,156.77999877929688,159.44000244140625,154.83999633789062,157.17999267578125,12630100
2024-09-11,PLTR,34.0099983215332,34.869998931884766,33.619998931884766,34.849998474121094,68302300
2024-09-12,BULL,11.260000228881836,11.279999732971191,11.260000228881836,11.279999732971191,69900
2024-09-12,LIDR,1.0499999523162842,1.0859999656677246,1.0499999523162842,1.059999942779541,58200
2024-09-12,ORBS,1.3799999952316284,1.5199999809265137,1.3799999952316284,1.5199999809265137,48600
2024-09-12,ORCL,159.0399932861328,162.33999633789062,157.89999389648438,161.3800048828125,16161300
2024-09-12,PLTR,34.86000061035156,35.400001525878906,34.53099822998047,34.90999984741211,54291900
2024-09-13,BULL,11.260000228881836,11.260000228881836,11.260000228881836,11.260000228881836,7400
2024-09-13,LIDR,1.059999942779541,1.184000015258789,1.059999942779541,1.100000023841858,161800
2024-09-13,ORBS,1.5399999618530273,1.6699999570846558,1.5299999713897705,1.6399999856948853,60700
2024-09-13,ORCL,173.6999969482422,173.94000244140625,161.0,162.02999877929688,25727800
2024-09-13,PLTR,34.970001220703125,36.0099983215332,34.88999938964844,35.59000015258789,49727200
2024-09-16,BULL,11.260000228881836,11.270000457763672,11.260000228881836,11.260000228881836,28000
2024-09-16,LIDR,1.0499999523162842,1.1799999475479126,1.0499999523162842,1.1200000047683716,73300
2024-09-16,ORBS,1.6100000143051147,1.659999966621399,1.559999942779541,1.6399999856948853,43600
2024-09-16,ORCL,164.99000549316406,173.99000549316406,164.50999450683594,170.3300018310547,27384400
2024-09-16,PLTR,35.779998779296875,36.91999816894531,35.560001373291016,36.310001373291016,74767300
2024-09-17,BULL,11.274999618530273,11.274999618530273,11.274999618530273,11.274999618530273,200
2024-09-17,LIDR,1.1100000143051147,1.2699999809265137,1.1100000143051147,1.2200000286102295,191100
2024-09-17,ORBS,1.590000033378601,1.8200000524520874,1.5499999523162842,1.7899999618530273,82600
2024-09-17,ORCL,170.27999877929688,170.63999938964844,166.77000427246094,167.47000122070312,12580100
2024-09-17,PLTR,37.0,37.04999923706055,35.869998931884766,36.45000076293945,64461800
2024-09-18,BULL,11.274999618530273,11.279999732971191,11.274999618530273,11.279999732971191,2100
2024-09-18,LIDR,1.2300000190734863,1.2400000095367432,1.1299999952316284,1.149999976158142,157900
2024-09-18,ORBS,1.7400000095367432,2.1700000762939453,1.7400000095367432,2.0999999046325684,173100
2024-09-18,ORCL,167.6199951171875,167.6199951171875,163.72999572753906,164.52999877929688,12274400
2024-09-18,PLTR,35.900001525878906,37.11000061035156,35.87099838256836,36.380001068115234,66279800
2024-09-19,BULL,11.270000457763672,11.279999732971191,11.270000457763672,11.279000282287598,3000
2024-09-19,LIDR,1.149999976158142,1.2100000381469727,1.1299999952316284,1.190000057220459,85700
2024-09-19,ORBS,2.049999952316284,2.239000082015991,1.9600000381469727,2.190000057220459,64800
2024-09-19,ORCL,167.25,168.16000366210938,164.50999450683594,167.58999633789062,10075900
2024-09-19,PLTR,37.0,37.349998474121094,36.20000076293945,36.83000183105469,59882000
2024-09-20,BULL,11.270000457763672,11.279999732971191,11.270000457763672,11.274999618530273,258700
2024-09-20,LIDR,1.2000000476837158,1.2200000286102295,1.090000033378601,1.090000033378601,105500
2024-09-20,ORBS,2.190000057220459,2.9800000190734863,2.1500000953674316,2.549999952316284,296400
2024-09-20,ORCL,167.1300048828125,168.8300018310547,166.60000610351562,168.0,12187700
2024-09-20,PLTR,36.0099983215332,37.290000915527344,35.709999084472656,37.20000076293945,450290500
2024-09-23,BULL,11.260000228881836,11.260000228881836,11.260000228881836,11.260000228881836,400
2024-09-23,LIDR,1.149999976158142,1.159999966621399,1.0700000524520874,1.090000033378601,66400
2024-09-23,ORBS,2.549999952316284,3.5,2.259999990463257,3.200000047683716,2218600
2024-09-23,ORCL,167.22999572753906,167.3300018310547,164.25999450683594,165.9499969482422,7916100
2024-09-23,PLTR,36.86000061035156,38.189998626708984,36.56999969482422,37.95000076293945,79460700
2024-09-24,BULL,11.109999656677246,11.28499984741211,11.109999656677246,11.27400016784668,18700
2024-09-24,LIDR,1.1100000143051147,1.1299999952316284,1.059999942779541,1.1100000143051147,105900
2024-09-24,ORBS,3.4000000953674316,3.8499999046325684,2.4100000858306885,2.490000009536743,1428800
2024-09-24,ORCL,165.74000549316406,166.10000610351562,163.9199981689453,165.8000030517578,6155100
2024-09-24,PLTR,37.970001220703125,37.97999954223633,36.43000030517578,36.900001525878906,79519200
2024-09-25,BULL,11.319999694824219,11.34000015258789,11.319999694824219,11.329999923706055,1664500
2024-09-25,LIDR,1.1100000143051147,1.1299999952316284,1.059999942779541,1.0700000524520874,102400
2024-09-25,ORBS,4.139999866485596,4.860000133514404,3.3499999046325684,3.630000114440918,100600700
2024-09-25,ORCL,167.69000244140625,168.75,165.66000366210938,166.27999877929688,7142400
2024-09-25,PLTR,36.88999938964844,37.18000030517578,36.382999420166016,37.119998931884766,46511700
2024-09-26,BULL,11.329999923706055,11.354999542236328,11.329999923706055,11.34000015258789,882400
2024-09-26,LIDR,1.0800000429153442,1.149999976158142,1.0700000524520874,1.100000023841858,101400
2024-09-26,ORBS,3.380000114440918,3.390000104904175,2.8410000801086426,2.940000057220459,1625700
2024-09-26,ORCL,167.64999389648438,168.36000061035156,166.47999572753906,168.10000610351562,7096800
2024-09-26,PLTR,37.2599983215332,37.439998626708984,36.599998474121094,37.099998474121094,48602000
2024-09-27,BULL,11.336000442504883,11.336000442504883,11.336000442504883,11.336000442504883,300
2024-09-27,LIDR,1.090000033378601,1.1519999504089355,1.090000033378601,1.1299999952316284,63200
2024-09-27,ORBS,2.8499999046325684,2.990000009536743,2.609999895095825,2.7300000190734863,760600
2024-09-27,ORCL,168.08999633789062,169.11000061035156,166.50999450683594,168.74000549316406,8974400
2024-09-27,PLTR,36.90999984741211,37.470001220703125,36.59000015258789,36.84000015258789,43219100
2024-09-30,BULL,11.336000442504883,11.336000442504883,11.336000442504883,11.336000442504883,0
2024-09-30,LIDR,1.1699999570846558,1.1699999570846558,1.100000023841858,1.1399999856948853,96000
2024-09-30,ORBS,2.6600000858306885,2.6600000858306885,2.380000114440918,2.390000104904175,460200
2024-09-30,ORCL,169.5,170.52000427246094,166.4499969482422,170.39999389648438,10210300
2024-09-30,PLTR,36.58000183105469,37.31999969482422,36.150001525878906,37.20000076293945,42110200
2024-10-01,BULL,11.300000190734863,11.359999656677246,11.300000190734863,11.329999923706055,2300
2024-10-01,LIDR,1.1399999856948853,1.1490000486373901,1.100000023841858,1.1100000143051147,34200
2024-10-01,ORBS,2.4000000953674316,2.4100000858306885,2.0199999809265137,2.240000009536743,434800
2024-10-01,ORCL,170.22000122070312,170.50999450683594,165.97000122070312,167.16000366210938,7595100
2024-10-01,PLTR,37.209999084472656,37.560001373291016,36.04999923706055,36.459999084472656,52858000
2024-10-02,BULL,11.359999656677246,11.359999656677246,11.34000015258789,11.34000015258789,14000
2024-10-02,LIDR,1.100000023841858,1.1399999856948853,1.090000033378601,1.100000023841858,39700
2024-10-02,ORBS,2.1600000858306885,2.309999942779541,2.1029999256134033,2.240000009536743,143600
2024-10-02,ORCL,167.60000610351562,169.17999267578125,167.27000427246094,167.7100067138672,7073000
2024-10-02,PLTR,36.29999923706055,37.68000030517578,36.14500045776367,37.4900016784668,34988900
2024-10-03,BULL,11.369999885559082,11.369999885559082,11.359999656677246,11.359999656677246,1400
2024-10-03,LIDR,1.1299999952316284,1.2000000476837158,1.1100000143051147,1.149999976158142,116900
2024-10-03,ORBS,2.240000009536743,2.3399999141693115,2.2200000286102295,2.2899999618530273,117500
2024-10-03,ORCL,166.88999938964844,167.86000061035156,166.24000549316406,166.86000061035156,4735700
2024-10-03,PLTR,37.45000076293945,39.290000915527344,37.369998931884766,39.2400016784668,57196400
2024-10-04,BULL,11.359999656677246,11.359999656677246,11.359999656677246,11.359999656677246,0
2024-10-04,LIDR,1.1799999475479126,1.1799999475479126,1.1200000047683716,1.1699999570846558,80200
2024-10-04,ORBS,2.299999952316284,2.3399999141693115,2.1500000953674316,2.2300000190734863,92900
2024-10-04,ORCL,168.7100067138672,170.89999389648438,168.1699981689453,170.86000061035156,6386900
2024-10-04,PLTR,39.650001525878906,40.290000915527344,39.400001525878906,40.0099983215332,62532500
2024-10-07,BULL,11.369999885559082,11.444999694824219,11.369999885559082,11.380000114440918,2400
2024-10-07,LIDR,1.190000057220459,1.2899999618530273,1.1799999475479126,1.2899999618530273,267100
2024-10-07,ORBS,2.180000066757202,2.2300000190734863,2.0999999046325684,2.1700000762939453,147400
2024-10-07,ORCL,170.4199981689453,172.3300018310547,169.5500030517578,169.97000122070312,6791000
2024-10-07,PLTR,39.900001525878906,40.150001525878906,38.775001525878906,38.88999938964844,44124800
2024-10-08,BULL,11.449999809265137,11.449999809265137,11.369999885559082,11.390000343322754,6900
2024-10-08,LIDR,1.309999942779541,1.309999942779541,1.190000057220459,1.2400000095367432,133500
2024-10-08,ORBS,2.2799999713897705,2.309999942779541,2.0399999618530273,2.0899999141693115,405300
2024-10-08,ORCL,170.60000610351562,174.63999938964844,170.44000244140625,174.3699951171875,7845400
2024-10-08,PLTR,39.290000915527344,41.4900016784668,39.01499938964844,41.45000076293945,62542900
2024-10-09,BULL,11.40999984741211,11.460000038146973,11.380000114440918,11.420000076293945,747100
2024-10-09,LIDR,1.2400000095367432,1.2829999923706055,1.2300000190734863,1.2599999904632568,70100
2024-10-09,ORBS,2.0399999618530273,2.0799999237060547,1.850000023841858,1.8899999856948853,173300
2024-10-09,ORCL,174.55999755859375,178.61000061035156,173.80999755859375,178.2899932861328,8120900
2024-10-09,PLTR,41.54999923706055,43.34000015258789,41.209999084472656,43.130001068115234,86404700
2024-10-10,BULL,11.460000038146973,11.460000038146973,11.399999618530273,11.399999618530273,83300
2024-10-10,LIDR,1.2599999904632568,1.2999999523162842,1.2100000381469727,1.2799999713897705,109000
2024-10-10,ORBS,1.9199999570846558,1.940000057220459,1.7799999713897705,1.8700000047683716,77000
2024-10-10,ORCL,177.64999389648438,178.3000030517578,174.17999267578125,175.41000366210938,7115900
2024-10-10,PLTR,42.91999816894531,43.87799835205078,42.40999984741211,43.52000045776367,62516300
2024-10-11,BULL,11.390000343322754,11.420000076293945,11.390000343322754,11.414999961853027,6100
2024-10-11,LIDR,1.2999999523162842,1.2999999523162842,1.2200000286102295,1.2400000095367432,133500
2024-10-11,ORBS,1.8799999952316284,1.9950000047683716,1.8700000047683716,1.9700000286102295,29800
2024-10-11,ORCL,175.5,177.0,174.39999389648438,175.77000427246094,5869400
2024-10-11,PLTR,43.400001525878906,44.380001068115234,42.619998931884766,43.5099983215332,66206900
2024-10-14,BULL,11.420000076293945,11.430000305175781,11.420000076293945,11.425000190734863,2100
2024-10-14,LIDR,1.2100000381469727,1.25,1.2000000476837158,1.2300000190734863,53400
2024-10-14,ORBS,2.0,2.0999999046325684,1.972000002861023,2.059999942779541,70800
2024-10-14,ORCL,176.5500030517578,177.22000122070312,175.5,176.1199951171875,4688700
2024-10-14,PLTR,43.720001220703125,44.38999938964844,43.279998779296875,43.400001525878906,41010900
2024-10-15,BULL,11.425000190734863,11.425000190734863,11.425000190734863,11.425000190734863,1400
2024-10-15,LIDR,1.2000000476837158,1.2400000095367432,1.100000023841858,1.159999966621399,138600
2024-10-15,ORBS,2.059999942779541,2.4100000858306885,2.059999942779541,2.4000000953674316,235000
2024-10-15,ORCL,176.94000244140625,178.22000122070312,173.75,174.08999633789062,5848600
2024-10-15,PLTR,43.474998474121094,43.68000030517578,41.51499938964844,42.43000030517578,48297000
2024-10-16,BULL,11.430000305175781,11.4399995803833,11.420000076293945,11.4399995803833,9100
2024-10-16,LIDR,1.149999976158142,1.1799999475479126,1.149999976158142,1.1699999570846558,43500
2024-10-16,ORBS,2.2899999618530273,2.509999990463257,2.2899999618530273,2.4200000762939453,105700
2024-10-16,ORCL,173.5,174.91000366210938,171.63999938964844,174.77000427246094,6383000
2024-10-16,PLTR,42.400001525878906,42.4900016784668,40.36000061035156,41.93000030517578,59157900
2024-10-17,BULL,11.449999809265137,11.449999809265137,11.425000190734863,11.439000129699707,17500
2024-10-17,LIDR,1.159999966621399,1.2000000476837158,1.149999976158142,1.159999966621399,82200
2024-10-17,ORBS,2.390000104904175,2.490000009536743,2.3299999237060547,2.4800000190734863,77900
2024-10-17,ORCL,177.5,177.75,175.13999938964844,175.67999267578125,5474000
2024-10-17,PLTR,42.150001525878906,42.70000076293945,41.61000061035156,42.0,34028400
2024-10-18,BULL,11.430000305175781,11.449999809265137,11.430000305175781,11.442000389099121,9600
2024-10-18,LIDR,1.149999976158142,1.2000000476837158,1.1200000047683716,1.2000000476837158,89100
2024-10-18,ORBS,2.509999990463257,2.509999990463257,2.3910000324249268,2.490000009536743,62800
2024-10-18,ORCL,176.8000030517578,176.97000122070312,174.5800018310547,174.69000244140625,5001300
2024-10-18,PLTR,42.01499938964844,42.9900016784668,41.650001525878906,42.970001220703125,33969000
2024-10-21,BULL,11.460000038146973,11.460000038146973,11.440999984741211,11.440999984741211,1100
2024-10-21,LIDR,1.1799999475479126,1.2000000476837158,1.149999976158142,1.1799999475479126,66800
2024-10-21,ORBS,2.509999990463257,2.515000104904175,2.25,2.2799999713897705,51100
2024-10-21,ORCL,174.4499969482422,175.14999389648438,173.16000366210938,173.75999450683594,4198400
2024-10-21,PLTR,42.86000061035156,43.400001525878906,42.40999984741211,42.70000076293945,30719800
2024-10-22,BULL,11.4399995803833,11.460000038146973,11.4399995803833,11.449999809265137,57000
2024-10-22,LIDR,1.159999966621399,1.2000000476837158,1.159999966621399,1.1699999570846558,36100
2024-10-22,ORBS,2.2899999618530273,2.3299999237060547,2.0199999809265137,2.0999999046325684,83700
2024-10-22,ORCL,175.4499969482422,175.85000610351562,174.27999877929688,175.30999755859375,5510100
2024-10-22,PLTR,42.689998626708984,43.4900016784668,42.29999923706055,42.939998626708984,27830700
2024-10-23,BULL,11.460000038146973,11.460000038146973,11.444999694824219,11.460000038146973,1400
2024-10-23,LIDR,1.149999976158142,1.1799999475479126,1.149999976158142,1.149999976158142,77700
2024-10-23,ORBS,2.0999999046325684,2.2100000381469727,1.9800000190734863,2.009999990463257,73700
2024-10-23,ORCL,174.5,176.07000732421875,173.00999450683594,173.10000610351562,4830400
2024-10-23,PLTR,42.849998474121094,43.68000030517578,42.05500030517578,42.59000015258789,35647000
2024-10-24,BULL,11.449999809265137,11.449999809265137,11.449999809265137,11.449999809265137,4200
2024-10-24,LIDR,1.159999966621399,1.2100000381469727,1.1399999856948853,1.1699999570846558,200000
2024-10-24,ORBS,2.0,2.049999952316284,1.9390000104904175,2.0299999713897705,59600
2024-10-24,ORCL,173.32000732421875,174.9499969482422,172.91000366210938,174.3800048828125,3488000
2024-10-24,PLTR,42.88999938964844,43.72999954223633,42.65999984741211,43.560001373291016,34079600
2024-10-25,BULL,11.449999809265137,11.449999809265137,11.449999809265137,11.449999809265137,100
2024-10-25,LIDR,1.149999976158142,1.2100000381469727,1.149999976158142,1.1799999475479126,69500
2024-10-25,ORBS,2.0299999713897705,2.0299999713897705,1.9299999475479126,1.940000057220459,37600
2024-10-25,ORCL,174.77999877929688,176.2899932861328,173.10000610351562,173.52000427246094,3674700
2024-10-25,PLTR,43.849998474121094,45.06999969482422,43.64500045776367,44.86000061035156,50416500
2024-10-28,BULL,11.460000038146973,11.460000038146973,11.458999633789062,11.458999633789062,1000
2024-10-28,LIDR,1.159999966621399,1.2100000381469727,1.149999976158142,1.2000000476837158,168400
2024-10-28,ORBS,1.9700000286102295,2.1500000953674316,1.9700000286102295,2.1500000953674316,49600
2024-10-28,ORCL,174.0500030517578,174.1699981689453,172.13999938964844,172.4199981689453,4330000
2024-10-28,PLTR,45.04999923706055,45.13999938964844,44.68000030517578,44.970001220703125,36729700
2024-10-29,BULL,11.449999809265137,11.449999809265137,11.444999694824219,11.444999694824219,47800
2024-10-29,LIDR,1.149999976158142,1.2000000476837158,1.149999976158142,1.1749999523162842,66700
2024-10-29,ORBS,2.1500000953674316,2.200000047683716,2.0199999809265137,2.059999942779541,34300
2024-10-29,ORCL,172.2899932861328,174.02000427246094,172.2899932861328,173.42999267578125,4122900
2024-10-29,PLTR,44.900001525878906,45.06999969482422,44.040000915527344,44.93000030517578,26154700
2024-10-30,BULL,11.4399995803833,11.460000038146973,11.4399995803833,11.451000213623047,6600
2024-10-30,LIDR,1.149999976158142,1.190000057220459,1.1200000047683716,1.1299999952316284,85100
2024-10-30,ORBS,2.059999942779541,2.0980000495910645,2.0,2.0199999809265137,16600
2024-10-30,ORCL,173.97999572753906,176.16000366210938,172.7899932861328,174.55999755859375,5822500
2024-10-30,PLTR,44.58000183105469,44.79999923706055,43.61000061035156,43.689998626708984,31309200
2024-10-31,BULL,11.454999923706055,11.460000038146973,11.454999923706055,11.460000038146973,10400
2024-10-31,LIDR,1.1200000047683716,1.1200000047683716,1.0299999713897705,1.0700000524520874,150900
2024-10-31,ORBS,2.0199999809265137,2.0239999294281006,1.9700000286102295,1.9800000190734863,16600
2024-10-31,ORCL,170.52000427246094,170.8800048828125,167.39999389648438,167.83999633789062,9477500
2024-10-31,PLTR,42.790000915527344,43.31999969482422,40.900001525878906,41.560001373291016,50973400
2024-11-01,BULL,11.479999542236328,11.479999542236328,11.470000267028809,11.470000267028809,92000
2024-11-01,LIDR,1.0499999523162842,1.1080000400543213,1.0499999523162842,1.0800000429153442,47900
2024-11-01,ORBS,1.9800000190734863,1.9800000190734863,1.9500000476837158,1.9800000190734863,17100
2024-11-01,ORCL,170.14999389648438,172.27000427246094,169.10000610351562,170.02000427246094,5680600
2024-11-01,PLTR,41.93000030517578,42.56999969482422,41.59000015258789,41.91999816894531,33722500
2024-11-04,BULL,11.520000457763672,11.520000457763672,11.520000457763672,11.520000457763672,400
2024-11-04,LIDR,1.0700000524520874,1.1200000047683716,1.0509999990463257,1.059999942779541,35200
2024-11-04,ORBS,1.9700000286102295,2.065999984741211,1.9140000343322754,1.9900000095367432,32800
2024-11-04,ORCL,170.30999755859375,170.47999572753906,168.72999572753906,169.58999633789062,4804400
2024-11-04,PLTR,41.08000183105469,42.040000915527344,41.03200149536133,41.40999984741211,75413300
2024-11-05,BULL,11.520000457763672,11.520000457763672,11.520000457763672,11.520000457763672,0
2024-11-05,LIDR,1.0499999523162842,1.1640000343322754,1.0499999523162842,1.1399999856948853,69900
2024-11-05,ORBS,2.009999990463257,2.0999999046325684,1.9900000095367432,2.0199999809265137,24500
2024-11-05,ORCL,170.47000122070312,171.88999938964844,170.32000732421875,171.77999877929688,5456800
2024-11-05,PLTR,47.86000061035156,51.57500076293945,46.86000061035156,51.130001068115234,208868200
2024-11-06,BULL,11.460000038146973,11.479999542236328,11.460000038146973,11.479999542236328,300
2024-11-06,LIDR,1.1299999952316284,1.149999976158142,1.0800000429153442,1.100000023841858,91900
2024-11-06,ORBS,2.130000114440918,2.130000114440918,2.0,2.009999990463257,35900
2024-11-06,ORCL,178.52000427246094,182.10000610351562,177.4199981689453,181.24000549316406,11085000
2024-11-06,PLTR,53.439998626708984,55.689998626708984,51.61000061035156,55.529998779296875,114255900
2024-11-07,BULL,11.489999771118164,11.5,11.470000267028809,11.479999542236328,94200
2024-11-07,LIDR,1.090000033378601,1.128999948501587,1.0829999446868896,1.100000023841858,75000
2024-11-07,ORBS,2.0,2.049999952316284,1.899999976158142,1.9299999475479126,22900
2024-11-07,ORCL,181.0800018310547,186.6699981689453,180.5399932861328,186.3699951171875,7759400
2024-11-07,PLTR,55.81999969482422,56.470001220703125,53.54999923706055,55.880001068115234,121591200
2024-11-08,BULL,11.489999771118164,11.494999885559082,11.479999542236328,11.479999542236328,5100
2024-11-08,LIDR,1.1100000143051147,1.11899995803833,1.0499999523162842,1.0700000524520874,157800
2024-11-08,ORBS,1.9299999475479126,2.059999942779541,1.7999999523162842,1.9299999475479126,105800
2024-11-08,ORCL,186.25999450683594,190.16000366210938,186.25999450683594,189.25,8520400
2024-11-08,PLTR,55.56999969482422,58.47999954223633,55.29999923706055,58.38999938964844,84124000
2024-11-11,BULL,11.479999542236328,11.479999542236328,11.479999542236328,11.479999542236328,1900
2024-11-11,LIDR,1.0499999523162842,1.190000057220459,1.0420000553131104,1.149999976158142,228900
2024-11-11,ORBS,1.9299999475479126,1.9900000095367432,1.9199999570846558,1.9500000476837158,17100
2024-11-11,ORCL,191.0500030517578,191.5,187.83999633789062,189.1300048828125,5973600
2024-11-11,PLTR,60.132999420166016,62.08000183105469,58.689998626708984,60.2400016784668,108357800
2024-11-12,BULL,11.489999771118164,11.520000457763672,11.489999771118164,11.510000228881836,1500
2024-11-12,LIDR,1.1699999570846558,1.25,1.1100000143051147,1.2100000381469727,353600
2024-11-12,ORBS,1.9800000190734863,1.9900000095367432,1.8569999933242798,1.909999966621399,15900
2024-11-12,ORCL,188.5399932861328,190.61000061035156,187.1999969482422,189.5800018310547,6629900
2024-11-12,PLTR,59.0099983215332,60.09000015258789,58.56999969482422,59.849998474121094,59061300
2024-11-13,BULL,11.5,11.520000457763672,11.5,11.510000228881836,44100
2024-11-13,LIDR,1.149999976158142,1.2000000476837158,0.9599999785423279,1.1299999952316284,257800
2024-11-13,ORBS,1.8700000047683716,2.140000104904175,1.8600000143051147,2.0199999809265137,228200
2024-11-13,ORCL,189.0,191.77000427246094,188.7899932861328,189.6300048828125,5695400
2024-11-13,PLTR,61.52000045776367,63.38999938964844,59.849998474121094,60.70000076293945,85937400
2024-11-14,BULL,11.5,11.520000457763672,11.5,11.510000228881836,135100
2024-11-14,LIDR,1.0700000524520874,1.1200000047683716,1.0700000524520874,1.0700000524520874,73500
2024-11-14,ORBS,2.009999990463257,2.009999990463257,1.7999999523162842,1.9199999570846558,93600
2024-11-14,ORCL,188.66000366210938,189.58999633789062,186.7100067138672,187.0500030517578,7804300
2024-11-14,PLTR,61.04999923706055,61.16999816894531,58.529998779296875,59.18000030517578,59968200
2024-11-15,BULL,11.510000228881836,11.510000228881836,11.510000228881836,11.510000228881836,400
2024-11-15,LIDR,1.059999942779541,1.090000033378601,1.0,1.0,113800
2024-11-15,ORBS,1.9199999570846558,1.9889999628067017,1.7899999618530273,1.8200000524520874,43500
2024-11-15,ORCL,184.52000427246094,185.8000030517578,182.3300018310547,183.74000549316406,8986300
2024-11-15,PLTR,61.0099983215332,66.0,60.90999984741211,65.7699966430664,155280400
2024-11-18,BULL,11.5,11.520000457763672,11.5,11.5,1100
2024-11-18,LIDR,1.0099999904632568,1.0490000247955322,0.7799999713897705,0.949999988079071,311400
2024-11-18,ORBS,1.809999942779541,1.8200000524520874,1.6399999856948853,1.7000000476837158,40300
2024-11-18,ORCL,184.3000030517578,186.17999267578125,182.8800048828125,185.72999572753906,6289400
2024-11-18,PLTR,64.91999816894531,64.91999816894531,58.849998474121094,61.2599983215332,136663100
2024-11-19,BULL,11.505000114440918,11.510000228881836,11.505000114440918,11.505000114440918,100400
2024-11-19,LIDR,0.9200000166893005,0.9599999785423279,0.8799999952316284,0.9509999752044678,96400
2024-11-19,ORBS,1.659999966621399,1.7000000476837158,1.5399999618530273,1.5399999618530273,40900
2024-11-19,ORCL,184.88999938964844,189.32000732421875,184.32000732421875,188.89999389648438,8117000
2024-11-19,PLTR,59.5099983215332,63.0099983215332,59.26499938964844,62.97999954223633,75557800
2024-11-20,BULL,11.5,11.520000457763672,11.479999542236328,11.489999771118164,31400
2024-11-20,LIDR,0.9200000166893005,0.949999988079071,0.8999999761581421,0.9200000166893005,89300
2024-11-20,ORBS,1.559999942779541,1.7699999809265137,1.559999942779541,1.75,56100
2024-11-20,ORCL,190.89999389648438,190.97000122070312,187.82000732421875,190.75,4860200
2024-11-20,PLTR,62.59000015258789,63.08000183105469,59.959999084472656,62.119998931884766,59182200
2024-11-21,BULL,11.5,11.510000228881836,11.5,11.5,53900
2024-11-21,LIDR,0.9200000166893005,0.9399999976158142,0.9010000228881836,0.9200000166893005,80800
2024-11-21,ORBS,1.75,1.75,1.600000023841858,1.6200000047683716,37500
2024-11-21,ORCL,191.94000244140625,196.0399932861328,191.63999938964844,192.42999267578125,11394300
2024-11-21,PLTR,62.040000915527344,63.400001525878906,60.89500045776367,61.36000061035156,56336700
2024-11-22,BULL,11.5,11.505000114440918,11.4399995803833,11.4399995803833,50000
2024-11-22,LIDR,0.9139999747276306,1.0099999904632568,0.9139999747276306,0.9639999866485596,141200
2024-11-22,ORBS,1.6399999856948853,1.8200000524520874,1.590000033378601,1.7599999904632568,46300
2024-11-22,ORCL,193.0,194.1999969482422,191.05999755859375,192.2899932861328,6879400
2024-11-22,PLTR,61.599998474121094,64.44000244140625,61.369998931884766,64.3499984741211,61381700
2024-11-25,BULL,11.470000267028809,11.520000457763672,11.470000267028809,11.520000457763672,613200
2024-11-25,LIDR,0.9900000095367432,1.149999976158142,0.949999988079071,1.090000033378601,405500
2024-11-25,ORBS,1.7899999618530273,1.8899999856948853,1.7699999809265137,1.850000023841858,29000
2024-11-25,ORCL,194.5,194.75,187.99000549316406,187.99000549316406,15138500
2024-11-25,PLTR,66.9000015258789,67.87999725341797,64.08000183105469,64.6500015258789,80640500
2024-11-26,BULL,11.520000457763672,11.520000457763672,11.510000228881836,11.510000228881836,20400
2024-11-26,LIDR,1.1100000143051147,1.190000057220459,1.0499999523162842,1.0700000524520874,213000
2024-11-26,ORBS,1.8300000429153442,1.8700000047683716,1.7200000286102295,1.7999999523162842,13600
2024-11-26,ORCL,188.32000732421875,192.39999389648438,188.32000732421875,190.3699951171875,6427200
2024-11-26,PLTR,64.56999969482422,65.8499984741211,63.88999938964844,65.73999786376953,46923600
2024-11-27,BULL,11.520000457763672,11.520000457763672,11.520000457763672,11.520000457763672,5600
2024-11-27,LIDR,1.0399999618530273,1.090000033378601,1.0399999618530273,1.0700000524520874,52500
2024-11-27,ORBS,1.840000033378601,1.909999966621399,1.809000015258789,1.8899999856948853,39200
2024-11-27,ORCL,188.9600067138672,188.9600067138672,182.22000122070312,182.6999969482422,8368800
2024-11-27,PLTR,66.23999786376953,67.55999755859375,64.23999786376953,66.05000305175781,53839900
2024-11-29,BULL,11.59000015258789,11.59000015258789,11.5649995803833,11.5649995803833,1700
2024-11-29,LIDR,1.0700000524520874,1.1399999856948853,1.0499999523162842,1.1299999952316284,49900
2024-11-29,ORBS,1.8799999952316284,1.8830000162124634,1.840000033378601,1.8799999952316284,10300
2024-11-29,ORCL,184.00999450683594,185.92999267578125,184.0,184.83999633789062,4628000
2024-11-29,PLTR,65.88999938964844,67.16000366210938,65.47000122070312,67.08000183105469,30104000
2024-12-02,BULL,11.550000190734863,11.5649995803833,11.539999961853027,11.539999961853027,139700
2024-12-02,LIDR,1.1299999952316284,1.1399999856948853,1.059999942779541,1.0700000524520874,103800
2024-12-02,ORBS,1.8600000143051147,1.9270000457763672,1.809999942779541,1.8899999856948853,46600
2024-12-02,ORCL,185.2899932861328,185.2899932861328,181.0,181.41000366210938,8859700
2024-12-02,PLTR,67.44000244140625,67.87999725341797,65.95999908447266,66.38999938964844,46405000
2024-12-03,BULL,11.5600004196167,11.5600004196167,11.520000457763672,11.520000457763672,33300
2024-12-03,LIDR,1.059999942779541,1.059999942779541,1.0099999904632568,1.0299999713897705,46600
2024-12-03,ORBS,1.8899999856948853,1.8899999856948853,1.809999942779541,1.8200000524520874,14600
2024-12-03,ORCL,181.17999267578125,183.0399932861328,179.11000061035156,182.88999938964844,8917100
2024-12-03,PLTR,66.41000366210938,71.37000274658203,66.1500015258789,70.95999908447266,100751400
2024-12-04,BULL,11.550000190734863,11.555000305175781,11.529999732971191,11.539999961853027,8500
2024-12-04,LIDR,1.0399999618530273,1.0540000200271606,1.0,1.0099999904632568,63000
2024-12-04,ORBS,1.809999942779541,1.8799999952316284,1.774999976158142,1.7799999713897705,11700
2024-12-04,ORCL,188.0,189.7899932861328,185.89999389648438,188.19000244140625,8906300
2024-12-04,PLTR,71.12999725341797,71.18000030517578,67.27999877929688,69.8499984741211,86284800
2024-12-05,BULL,11.538000106811523,11.538000106811523,11.529999732971191,11.529999732971191,2800
2024-12-05,LIDR,0.9900000095367432,1.090000033378601,0.9800000190734863,1.059999942779541,159200
2024-12-05,ORBS,1.8899999856948853,1.8899999856948853,1.7799999713897705,1.8300000429153442,16900
2024-12-05,ORCL,189.02000427246094,189.02000427246094,185.85000610351562,186.24000549316406,6398100
2024-12-05,PLTR,70.11000061035156,72.9800033569336,69.88999938964844,71.87000274658203,66585800
2024-12-06,BULL,11.59000015258789,11.609999656677246,11.579999923706055,11.59000015258789,117700
2024-12-06,LIDR,1.0499999523162842,1.100000023841858,1.0399999618530273,1.090000033378601,91600
2024-12-06,ORBS,1.8600000143051147,1.8880000114440918,1.7599999904632568,1.7999999523162842,14600
2024-12-06,ORCL,187.0,192.6300048828125,186.3800048828125,191.69000244140625,10503400
2024-12-06,PLTR,72.94999694824219,76.81999969482422,72.27999877929688,76.33999633789062,93640900
2024-12-09,BULL,11.579999923706055,11.609999656677246,11.579999923706055,11.600000381469727,17700
2024-12-09,LIDR,1.100000023841858,1.2999999523162842,1.090000033378601,1.25,1126400
2024-12-09,ORBS,1.8899999856948853,1.899999976158142,1.75,1.7799999713897705,84100
2024-12-09,ORCL,196.3000030517578,198.30999755859375,188.92999267578125,190.4499969482422,20158000
2024-12-09,PLTR,80.58000183105469,80.91000366210938,71.05000305175781,72.45999908447266,168134800
2024-12-10,BULL,11.638999938964844,11.638999938964844,11.619999885559082,11.619999885559082,2600
2024-12-10,LIDR,1.25,1.25,1.1100000143051147,1.1619999408721924,230300
2024-12-10,ORBS,1.7599999904632568,1.7599999904632568,1.6699999570846558,1.7000000476837158,12800
2024-12-10,ORCL,173.4600067138672,177.8000030517578,171.05999755859375,177.74000549316406,26502000
2024-12-10,PLTR,71.98999786376953,75.55999755859375,70.7300033569336,70.88999938964844,89672500
2024-12-11,BULL,11.619999885559082,11.630000114440918,11.619999885559082,11.619999885559082,19700
2024-12-11,LIDR,1.190000057220459,1.340000033378601,1.149999976158142,1.2899999618530273,1482800
2024-12-11,ORBS,1.7100000381469727,1.7300000190734863,1.649999976158142,1.7000000476837158,19200
2024-12-11,ORCL,178.0,181.3800048828125,174.8300018310547,178.5800018310547,13188700
2024-12-11,PLTR,72.9800033569336,73.0,68.06999969482422,72.51000213623047,89477700
2024-12-11,PLTU,24.299999237060547,26.458999633789062,23.399999618530273,26.209999084472656,37900
2024-12-12,BULL,11.619999885559082,11.640000343322754,11.619999885559082,11.619999885559082,41400
2024-12-12,LIDR,1.2999999523162842,1.2999999523162842,1.1200000047683716,1.149999976158142,494400
2024-12-12,ORBS,1.6799999475479126,1.7400000095367432,1.5800000429153442,1.590000033378601,22100
2024-12-12,ORCL,178.0,178.1699981689453,174.80999755859375,175.32000732421875,8154200
2024-12-12,PLTR,72.30000305175781,75.37999725341797,71.9000015258789,73.19999694824219,73859700
2024-12-12,PLTU,26.110000610351562,28.099000930786133,25.899999618530273,26.615999221801758,174100
2024-12-13,BULL,11.619999885559082,11.630000114440918,11.619999885559082,11.630000114440918,4100
2024-12-13,LIDR,1.1399999856948853,1.1799999475479126,1.0700000524520874,1.1150000095367432,340000
2024-12-13,ORBS,1.590000033378601,1.600000023841858,1.5299999713897705,1.590000033378601,27800
2024-12-13,ORCL,175.0,176.13999938964844,171.63999938964844,173.38999938964844,8351100
2024-12-13,PLTR,73.48999786376953,76.0999984741211,72.44999694824219,76.06999969482422,76172800
2024-12-13,PLTU,26.93000030517578,28.709999084472656,26.100000381469727,28.709999084472656,152800
2024-12-16,BULL,11.619999885559082,12.319999694824219,11.619999885559082,11.630000114440918,9400
2024-12-16,LIDR,1.1200000047683716,1.2799999713897705,1.090000033378601,1.2599999904632568,1492700
2024-12-16,ORBS,1.600000023841858,1.649999976158142,1.5499999523162842,1.5800000429153442,28700
2024-12-16,ORCL,173.83999633789062,174.27000427246094,170.92999267578125,171.22999572753906,9572000
2024-12-16,PLTR,75.05999755859375,77.81999969482422,71.16000366210938,75.75,126099600
2024-12-16,PLTU,27.989999771118164,29.94499969482422,25.0,28.420000076293945,694700
2024-12-17,BULL,12.225000381469727,12.225000381469727,11.619999885559082,11.633000373840332,8700
2024-12-17,LIDR,1.3600000143051147,1.6399999856948853,1.2799999713897705,1.2999999523162842,3226400
2024-12-17,ORBS,1.6799999475479126,1.6990000009536743,1.5499999523162842,1.5800000429153442,13500
2024-12-17,ORCL,170.75,172.99000549316406,169.27000427246094,169.7100067138672,8940200
2024-12-17,PLTR,73.27999877929688,75.31999969482422,71.69999694824219,74.38999938964844,75469400
2024-12-17,PLTU,26.600000381469727,28.049999237060547,25.445999145507812,27.3700008392334,445300
2024-12-18,BULL,11.630000114440918,11.649999618530273,11.619999885559082,11.619999885559082,8900
2024-12-18,LIDR,1.2400000095367432,1.340000033378601,1.0499999523162842,1.100000023841858,1127600
2024-12-18,ORBS,1.5499999523162842,1.600000023841858,1.409999966621399,1.440000057220459,68800
2024-12-18,ORCL,169.41000366210938,171.22999572753906,165.36000061035156,165.41000366210938,8817900
2024-12-18,PLTR,74.30000305175781,77.5999984741211,70.2699966430664,71.51000213623047,109643400
2024-12-18,PLTU,27.25,29.670000076293945,24.5,25.25,440100
2024-12-19,BULL,11.65999984741211,11.670000076293945,11.619999885559082,11.630000114440918,6500
2024-12-19,LIDR,1.149999976158142,1.1799999475479126,0.9700000286102295,0.9990000128746033,825900
2024-12-19,ORBS,1.440000057220459,1.4800000190734863,1.440000057220459,1.465000033378601,14200
2024-12-19,ORCL,167.5500030517578,171.0,167.39999389648438,168.7899932861328,8386400
2024-12-19,PLTR,73.98999786376953,76.58999633789062,73.37000274658203,74.20999908447266,99524300
2024-12-19,PLTU,26.899999618530273,28.719999313354492,26.639999389648438,27.15999984741211,422500
2024-12-20,BULL,11.640000343322754,11.640000343322754,11.630000114440918,11.630000114440918,1400
2024-12-20,LIDR,1.0499999523162842,1.190000057220459,1.0499999523162842,1.100000023841858,543200
2024-12-20,ORBS,1.4500000476837158,1.5800000429153442,1.3070000410079956,1.4900000095367432,372000
2024-12-20,ORCL,167.72999572753906,171.25999450683594,165.6300048828125,169.66000366210938,13810500
2024-12-20,PLTR,72.63999938964844,80.66000366210938,71.5,80.55000305175781,281230800
2024-12-20,PLTU,25.81999969482422,31.80900001525879,25.174999237060547,31.790000915527344,625900
2024-12-23,BULL,11.760000228881836,11.8100004196167,11.619999885559082,11.63700008392334,45600
2024-12-23,LIDR,1.1299999952316284,1.1799999475479126,1.059999942779541,1.1299999952316284,287300
2024-12-23,ORBS,1.5,1.5149999856948853,1.4900000095367432,1.5099999904632568,14700
2024-12-23,ORCL,169.58999633789062,169.6199951171875,167.1699981689453,169.13999938964844,6518200
2024-12-23,PLTR,80.6500015258789,82.0199966430664,77.41000366210938,80.69000244140625,93819500
2024-12-23,PLTU,31.84000015258789,32.86000061035156,29.309999465942383,31.809999465942383,658100
2024-12-24,BULL,11.619999885559082,11.630000114440918,11.619999885559082,11.630000114440918,800
2024-12-24,LIDR,1.1200000047683716,1.1799999475479126,1.090000033378601,1.1299999952316284,249700
2024-12-24,ORBS,1.5449999570846558,1.5540000200271606,1.5,1.5099999904632568,9600
2024-12-24,ORCL,169.6999969482422,171.77000427246094,169.02999877929688,171.41000366210938,2451500
2024-12-24,PLTR,81.08999633789062,84.7969970703125,81.0,82.37999725341797,64983300
2024-12-24,PLTU,32.04999923706055,35.029998779296875,32.04999923706055,33.209999084472656,526000
2024-12-26,BULL,11.64900016784668,11.699999809265137,11.619999885559082,11.619999885559082,11600
2024-12-26,LIDR,1.149999976158142,1.2899999618530273,1.1200000047683716,1.2799999713897705,3030700
2024-12-26,ORBS,1.5099999904632568,1.5700000524520874,1.4500000476837158,1.5499999523162842,17800
2024-12-26,ORCL,170.5,172.5500030517578,170.5,171.67999267578125,4100100
2024-12-26,PLTR,83.16000366210938,83.48999786376953,81.30000305175781,82.13999938964844,60377100
2024-12-26,PLTU,33.79999923706055,34.0,32.349998474121094,32.9900016784668,386700
2024-12-27,BULL,11.619999885559082,11.630000114440918,11.619999885559082,11.619999885559082,6800
2024-12-27,LIDR,1.7999999523162842,2.049999952316284,1.399999976158142,2.0399999618530273,22316600
2024-12-27,ORBS,1.5499999523162842,1.6100000143051147,1.4110000133514404,1.600000023841858,73300
2024-12-27,ORCL,170.3800048828125,171.14999389648438,167.1999969482422,168.9600067138672,4344300
2024-12-27,PLTR,81.41999816894531,82.0,77.93000030517578,79.08000183105469,66975900
2024-12-27,PLTU,32.380001068115234,32.779998779296875,29.56100082397461,30.520000457763672,463100
2024-12-30,BULL,11.619999885559082,11.640000343322754,11.619999885559082,11.630000114440918,21200
2024-12-30,LIDR,1.7100000381469727,1.9500000476837158,1.5700000524520874,1.690000057220459,10232900
2024-12-30,ORBS,2.740000009536743,3.0399999618530273,2.049999952316284,2.5799999237060547,28881200
2024-12-30,ORCL,166.50999450683594,167.91000366210938,164.5500030517578,166.91000366210938,5254800
2024-12-30,PLTR,77.04000091552734,79.23999786376953,76.11000061035156,77.18000030517578,60850900
2024-12-30,PLTU,28.770000457763672,30.56999969482422,28.200000762939453,28.979999542236328,439600
2024-12-31,BULL,11.619999885559082,11.625,11.619999885559082,11.625,5700
2024-12-31,LIDR,1.7200000286102295,1.7719999551773071,1.190000057220459,1.2699999809265137,4173700
2024-12-31,ORBS,2.549999952316284,2.549999952316284,2.0199999809265137,2.190000057220459,782900
2024-12-31,ORCL,167.1999969482422,167.3000030517578,165.83999633789062,166.63999938964844,4307500
2024-12-31,PLTR,77.58000183105469,77.9800033569336,73.6500015258789,75.62999725341797,56267900
2024-12-31,PLTU,29.329999923706055,29.549999237060547,27.391000747680664,27.860000610351562,295200
2025-01-02,BULL,11.619999885559082,11.619999885559082,11.619999885559082,11.619999885559082,5000
2025-01-02,LIDR,1.350000023841858,1.840000033378601,1.2999999523162842,1.7699999809265137,5448200
2025-01-02,ORBS,2.0799999237060547,2.299999952316284,2.0,2.0,241400
2025-01-02,ORCL,168.52000427246094,168.69000244140625,164.89999389648438,166.02999877929688,5360800
2025-01-02,PLTR,76.19999694824219,76.52999877929688,72.41999816894531,75.19000244140625,72217200
2025-01-02,PLTU,28.25,28.280000686645508,25.475000381469727,27.450000762939453,454400
2025-01-03,BULL,11.635000228881836,11.635000228881836,11.630000114440918,11.630000114440918,1700
2025-01-03,LIDR,2.0199999809265137,2.690000057220459,1.8799999952316284,2.0299999713897705,20018800
2025-01-03,ORBS,2.059999942779541,2.0989999771118164,1.7599999904632568,1.9700000286102295,196200
2025-01-03,ORCL,166.6999969482422,167.1999969482422,165.27000427246094,166.32000732421875,5876000
2025-01-03,PLTR,75.38999938964844,79.9800033569336,75.19000244140625,79.88999938964844,62415000
2025-01-03,PLTU,27.600000381469727,30.902000427246094,27.600000381469727,30.829999923706055,378600
2025-01-06,BULL,11.630000114440918,11.630000114440918,11.630000114440918,11.630000114440918,400
2025-01-06,LIDR,2.1600000858306885,2.5999999046325684,2.0799999237060547,2.3299999237060547,9579400
2025-01-06,ORBS,2.0299999713897705,2.2200000286102295,2.003999948501587,2.0399999618530273,107500
2025-01-06,ORCL,167.30999755859375,168.0500030517578,165.19000244140625,165.69000244140625,6845400
2025-01-06,PLTR,78.69000244140625,80.05999755859375,74.61000061035156,75.91999816894531,105619500
2025-01-06,PLTU,29.969999313354492,30.979999542236328,26.81100082397461,27.84000015258789,844100
2025-01-07,BULL,11.630000114440918,11.630000114440918,11.619999885559082,11.619999885559082,5500
2025-01-07,LIDR,2.4700000286102295,4.300000190734863,2.4000000953674316,2.990000009536743,48921400
2025-01-07,ORBS,2.0399999618530273,2.075000047683716,1.899999976158142,1.909999966621399,67700
2025-01-07,ORCL,165.5800018310547,166.16000366210938,161.32000732421875,162.02999877929688,7712200
2025-01-07,PLTR,75.19999694824219,75.38999938964844,69.75,69.98999786376953,91727300
2025-01-07,PLTU,27.18000030517578,27.34000015258789,23.329999923706055,23.479999542236328,805100
2025-01-08,BULL,11.630000114440918,11.630000114440918,11.609999656677246,11.619999885559082,476100
2025-01-08,LIDR,2.430000066757202,2.5,1.7999999523162842,2.180000066757202,6668100
2025-01-08,ORBS,1.9199999570846558,1.9199999570846558,1.659999966621399,1.7999999523162842,106400
2025-01-08,ORCL,162.17999267578125,163.97999572753906,161.42999267578125,163.13999938964844,7596200
2025-01-08,PLTR,68.12000274658203,69.52999877929688,66.51000213623047,68.2300033569336,91349500
2025-01-08,PLTU,22.200000762939453,23.139999389648438,21.139999389648438,22.3799991607666,739000
2025-01-10,BULL,11.619999885559082,11.619999885559082,11.579999923706055,11.619999885559082,11000
2025-01-10,LIDR,2.0799999237060547,2.25,1.8600000143051147,1.9299999475479126,2816600
2025-01-10,ORBS,1.75,1.840000033378601,1.6799999475479126,1.690000057220459,57800
2025-01-10,ORCL,159.1999969482422,159.1999969482422,153.9199981689453,154.5,13593900
2025-01-10,PLTR,66.01000213623047,68.19999694824219,65.04000091552734,67.26000213623047,78148600
2025-01-10,PLTU,20.739999771118164,22.18000030517578,20.184999465942383,21.559999465942383,475200
2025-01-13,BULL,11.619999885559082,11.621999740600586,11.614999771118164,11.619999885559082,106300
2025-01-13,LIDR,1.7999999523162842,1.8849999904632568,1.2999999523162842,1.2999999523162842,3762900
2025-01-13,ORBS,1.7100000381469727,1.7300000190734863,1.593999981880188,1.649999976158142,45200
2025-01-13,ORCL,153.74000549316406,154.14999389648438,152.4199981689453,153.9199981689453,8828500
2025-01-13,PLTR,64.29000091552734,65.68000030517578,63.400001525878906,64.9800033569336,69046300
2025-01-13,PLTU,19.6200008392334,20.5310001373291,19.150999069213867,20.1299991607666,590900
2025-01-14,BULL,11.65999984741211,11.65999984741211,11.619999885559082,11.619999885559082,7300
2025-01-14,LIDR,1.5199999809265137,1.559999942779541,1.1799999475479126,1.2400000095367432,3721900
2025-01-14,ORBS,1.649999976158142,1.7000000476837158,1.5700000524520874,1.600000023841858,26700
2025-01-14,ORCL,156.4199981689453,157.25,154.35000610351562,156.30999755859375,7410200
2025-01-14,PLTR,67.18000030517578,68.2300033569336,65.19000244140625,65.91000366210938,56814900
2025-01-14,PLTU,21.670000076293945,22.1200008392334,20.27899932861328,20.719999313354492,633000
2025-01-15,BULL,11.619999885559082,11.630000114440918,11.619999885559082,11.630000114440918,1600
2025-01-15,LIDR,1.2899999618530273,1.4179999828338623,1.149999976158142,1.2100000381469727,7221100
2025-01-15,ORBS,1.6100000143051147,1.694000005722046,1.559000015258789,1.649999976158142,47100
2025-01-15,ORCL,158.6699981689453,159.14999389648438,157.25999450683594,158.30999755859375,10701200
2025-01-15,PLTR,68.55000305175781,68.8499984741211,67.08000183105469,68.13999938964844,56025800
2025-01-15,PLTU,22.31999969482422,22.520000457763672,21.447999954223633,22.059999465942383,541100
2025-01-16,BULL,11.65999984741211,11.65999984741211,11.635000228881836,11.635000228881836,4700
2025-01-16,LIDR,1.2899999618530273,1.399999976158142,1.2300000190734863,1.2899999618530273,3645400
2025-01-16,ORBS,1.690000057220459,1.690000057220459,1.6200000047683716,1.649999976158142,13000
2025-01-16,ORCL,160.14999389648438,161.5,158.41000366210938,159.5399932861328,9210600
2025-01-16,PLTR,69.08000183105469,71.43000030517578,68.36000061035156,69.23999786376953,62908700
2025-01-16,PLTU,22.739999771118164,24.20800018310547,22.246999740600586,22.780000686645508,397300
2025-01-17,BULL,11.647000312805176,11.647000312805176,11.619999885559082,11.619999885559082,56600
2025-01-17,LIDR,1.2999999523162842,1.350000023841858,1.1299999952316284,1.159999966621399,3180400
2025-01-17,ORBS,1.6299999952316284,1.7699999809265137,1.6299999952316284,1.7400000095367432,35000
2025-01-17,ORCL,161.77000427246094,163.16000366210938,160.5399932861328,161.02999877929688,11618300
2025-01-17,PLTR,70.9000015258789,72.33999633789062,69.94999694824219,71.7699966430664,54754000
2025-01-17,PLTU,23.774999618530273,24.795000076293945,23.309999465942383,24.459999084472656,449800
2025-01-21,BULL,11.600000381469727,11.644000053405762,11.600000381469727,11.619999885559082,9200
2025-01-21,LIDR,1.2000000476837158,1.2000000476837158,1.0,1.0499999523162842,3617000
2025-01-21,ORBS,1.7400000095367432,1.8339999914169312,1.7000000476837158,1.7000000476837158,36400
2025-01-21,ORCL,163.8699951171875,173.3699951171875,162.75,172.57000732421875,30232000
2025-01-21,PLTR,73.23999786376953,73.63600158691406,70.60099792480469,73.06999969482422,56229000
2025-01-21,PLTU,25.43000030517578,25.68000030517578,23.62299919128418,25.309999465942383,654000
2025-01-22,BULL,11.642999649047852,11.642999649047852,11.630000114440918,11.633000373840332,1700
2025-01-22,LIDR,1.0499999523162842,1.2799999713897705,0.9800000190734863,1.090000033378601,4534100
2025-01-22,ORBS,1.75,1.75,1.6100000143051147,1.690000057220459,40100
2025-01-22,ORCL,191.50999450683594,191.99000549316406,180.57000732421875,184.22000122070312,48028500
2025-01-22,PLTR,74.5,77.16000366210938,73.80000305175781,76.87000274658203,66876400
2025-01-22,PLTU,26.389999389648438,28.084999084472656,25.899999618530273,27.940000534057617,756100
2025-01-23,BULL,11.619999885559082,11.619999885559082,11.619999885559082,11.619999885559082,49000
2025-01-23,LIDR,1.0499999523162842,1.0700000524520874,1.0,1.0299999713897705,1779200
2025-01-23,ORBS,1.7289999723434448,1.7289999723434448,1.6200000047683716,1.649999976158142,17200
2025-01-23,ORCL,181.63999938964844,186.57000732421875,181.5,186.47000122070312,17314600
2025-01-23,PLTR,76.04000091552734,79.0,75.83999633789062,78.9800033569336,55937900
2025-01-23,PLTU,27.299999237060547,29.5,27.229999542236328,29.450000762939453,837900
2025-01-24,BULL,11.637999534606934,11.637999534606934,11.619999885559082,11.619999885559082,3800
2025-01-24,LIDR,1.0399999618530273,1.0800000429153442,1.0,1.0399999618530273,1329200
2025-01-24,ORBS,1.649999976158142,1.7000000476837158,1.649999976158142,1.6699999570846558,20600
2025-01-24,ORCL,188.63999938964844,189.10000610351562,181.8699951171875,183.60000610351562,12147200
2025-01-24,PLTR,79.05000305175781,82.23999786376953,78.44000244140625,78.9800033569336,77931900
2025-01-24,PLTU,29.540000915527344,31.809999465942383,29.079999923706055,29.40999984741211,1086000
2025-01-27,BULL,11.619999885559082,11.621000289916992,11.619999885559082,11.621000289916992,700
2025-01-27,LIDR,0.9900000095367432,1.0499999523162842,0.9359999895095825,0.9570000171661377,1729200
2025-01-27,ORBS,1.7000000476837158,1.7000000476837158,1.559999942779541,1.600000023841858,22700
2025-01-27,ORCL,168.89999389648438,172.52000427246094,152.66000366210938,158.27999877929688,42201600
2025-01-27,PLTR,74.06999969482422,76.72000122070312,72.66999816894531,75.44000244140625,76093300
2025-01-27,PLTU,25.780000686645508,27.739999771118164,24.770000457763672,26.829999923706055,1181800
2025-01-28,BULL,11.619999885559082,11.640000343322754,11.619999885559082,11.640000343322754,7000
2025-01-28,LIDR,0.9599999785423279,1.0,0.9200000166893005,0.9800000190734863,699400
2025-01-28,ORBS,1.5800000429153442,1.5800000429153442,1.5110000371932983,1.5499999523162842,28100
2025-01-28,ORCL,162.99000549316406,165.8300018310547,156.75,164.0,20319300
2025-01-28,PLTR,75.54000091552734,80.73999786376953,74.04000091552734,80.2300033569336,65916700
2025-01-28,PLTU,26.889999389648438,30.52400016784668,25.780000686645508,30.149999618530273,1075900
2025-01-29,BULL,11.630000114440918,11.640000343322754,11.630000114440918,11.640000343322754,9000
2025-01-29,LIDR,1.0,1.0,0.8600000143051147,0.8679999709129333,1408700
2025-01-29,ORBS,1.6399999856948853,1.6399999856948853,1.4900000095367432,1.5299999713897705,29600
2025-01-29,ORCL,164.02999877929688,164.02999877929688,160.00999450683594,162.02000427246094,9866600
2025-01-29,PLTR,79.94999694824219,80.81999969482422,77.80999755859375,79.76000213623047,49262200
2025-01-29,PLTU,30.010000228881836,30.56999969482422,28.3700008392334,29.8700008392334,523100
2025-01-30,BULL,11.630999565124512,11.630999565124512,11.630999565124512,11.630999565124512,600
2025-01-30,LIDR,0.8700000047683716,0.968999981880188,0.8640000224113464,0.9409999847412109,1294900
2025-01-30,ORBS,1.6299999952316284,1.6360000371932983,1.5260000228881836,1.5700000524520874,18300
2025-01-30,ORCL,164.77999877929688,171.49000549316406,164.10000610351562,170.3800048828125,14981700
2025-01-30,PLTR,80.0199966430664,81.83000183105469,79.37999725341797,81.22000122070312,46067500
2025-01-30,PLTU,30.0,31.34000015258789,29.579999923706055,30.8799991607666,703700
2025-01-31,BULL,11.619999885559082,11.642000198364258,11.619999885559082,11.642000198364258,400
2025-01-31,LIDR,0.9380000233650208,0.9850000143051147,0.8709999918937683,0.9240000247955322,1413400
2025-01-31,ORBS,1.5800000429153442,1.6200000047683716,1.5199999809265137,1.5520000457763672,22500
2025-01-31,ORCL,170.41000366210938,173.0,169.1300048828125,170.05999755859375,8704600
2025-01-31,PLTR,81.0,85.22000122070312,80.87000274658203,82.48999786376953,78731000
2025-01-31,PLTU,30.84000015258789,33.939998626708984,30.799999237060547,31.889999389648438,657600
2025-02-03,BULL,11.720000267028809,11.720000267028809,11.640000343322754,11.649999618530273,6400
2025-02-03,LIDR,0.8949999809265137,0.9070000052452087,0.8220000267028809,0.8989999890327454,830800
2025-02-03,ORBS,1.5199999809265137,1.7450000047683716,1.4600000381469727,1.6720000505447388,114800
2025-02-03,ORCL,163.1999969482422,169.89999389648438,163.1999969482422,168.60000610351562,8250600
2025-02-03,PLTR,80.125,84.25,78.47000122070312,83.73999786376953,126592700
2025-02-03,PLTU,29.850000381469727,33.20899963378906,28.760000228881836,32.9900016784668,2088300
2025-02-04,BULL,11.65999984741211,11.670000076293945,11.649999618530273,11.649999618530273,1500
2025-02-04,LIDR,0.921999990940094,0.921999990940094,0.8769999742507935,0.8949999809265137,486500
2025-02-04,ORBS,1.6299999952316284,1.659999966621399,1.6100000143051147,1.649999976158142,28500
2025-02-04,ORCL,170.39999389648438,170.39999389648438,166.35000610351562,167.88999938964844,6777000
2025-02-04,PLTR,102.80000305175781,106.91000366210938,100.51000213623047,103.83000183105469,230806800
2025-02-04,PLTU,47.64500045776367,50.91999816894531,46.0,48.529998779296875,2606500
2025-02-05,BULL,11.65999984741211,11.65999984741211,11.649999618530273,11.649999618530273,1500
2025-02-05,LIDR,0.8840000033378601,0.8999999761581421,0.8259999752044678,0.8790000081062317,547100
2025-02-05,ORBS,1.7100000381469727,1.7100000381469727,1.4500000476837158,1.5199999809265137,42500
2025-02-05,ORCL,168.99000549316406,171.88999938964844,168.52000427246094,171.66000366210938,7866700
2025-02-05,PLTR,101.77999877929688,103.56999969482422,99.31999969482422,101.36000061035156,90628300
2025-02-05,PLTU,46.560001373291016,48.183998107910156,44.29999923706055,46.15999984741211,1076900
2025-02-06,BULL,11.649999618530273,11.649999618530273,11.649999618530273,11.649999618530273,0
2025-02-06,LIDR,0.9100000262260437,0.9919999837875366,0.8809999823570251,0.9449999928474426,1577600
2025-02-06,ORBS,1.5299999713897705,1.6299999952316284,1.4500000476837158,1.5390000343322754,71200
2025-02-06,ORCL,173.0,175.64999389648438,171.57000732421875,172.35000610351562,7036900
2025-02-06,PLTR,101.08999633789062,111.54499816894531,100.26000213623047,111.27999877929688,128217500
2025-02-06,PLTU,45.900001525878906,55.52000045776367,45.310001373291016,55.220001220703125,1613200
2025-02-07,BULL,11.65999984741211,11.65999984741211,11.659000396728516,11.659000396728516,2200
2025-02-07,LIDR,0.9350000023841858,0.9800000190734863,0.8799999952316284,0.8960000276565552,704800
2025-02-07,ORBS,1.5399999618530273,1.5880000591278076,1.4600000381469727,1.5499999523162842,15700
2025-02-07,ORCL,175.0,177.38999938964844,173.17999267578125,174.4600067138672,9991300
2025-02-07,PLTR,111.66000366210938,116.30000305175781,110.44999694824219,110.8499984741211,143795400
2025-02-07,PLTU,55.630001068115234,60.150001525878906,54.5,54.779998779296875,1977200
2025-02-10,BULL,11.630000114440918,11.649999618530273,11.630000114440918,11.640000343322754,2200
2025-02-10,LIDR,0.9210000038146973,0.925000011920929,0.8230000138282776,0.8650000095367432,1068100
2025-02-10,ORBS,1.5299999713897705,1.600000023841858,1.5,1.5700000524520874,37000
2025-02-10,ORCL,176.0,179.99000549316406,174.9199981689453,178.9199981689453,7625900
2025-02-10,PLTR,112.02999877929688,116.76000213623047,108.72000122070312,116.6500015258789,99938100
2025-02-10,PLTU,55.91999816894531,60.57899856567383,52.7400016784668,60.5,1383400
2025-02-11,BULL,11.640000343322754,11.649999618530273,11.640000343322754,11.640000343322754,161800
2025-02-11,LIDR,0.8500000238418579,0.8799999952316284,0.800000011920929,0.8199999928474426,766100
2025-02-11,ORBS,1.600000023841858,1.6200000047683716,1.5829999446868896,1.6200000047683716,45700
2025-02-11,ORCL,177.6199951171875,179.1199951171875,176.4499969482422,177.19000244140625,6528800
2025-02-11,PLTR,116.5,118.66000366210938,112.0999984741211,112.62000274658203,94311700
2025-02-11,PLTU,60.20000076293945,62.470001220703125,55.7599983215332,56.290000915527344,1166300
2025-02-12,BULL,11.65999984741211,11.65999984741211,11.619999885559082,11.651000022888184,14800
2025-02-12,LIDR,0.7929999828338623,0.8399999737739563,0.7839999794960022,0.8299999833106995,483700
2025-02-12,ORBS,1.6100000143051147,1.9800000190734863,1.559999942779541,1.9500000476837158,124800
2025-02-12,ORCL,174.88999938964844,174.88999938964844,170.7100067138672,172.22000122070312,7454800
2025-02-12,PLTR,110.29000091552734,117.58999633789062,110.0,117.38999938964844,75316900
2025-02-12,PLTU,53.63999938964844,61.249000549316406,53.630001068115234,60.9900016784668,1172100
2025-02-13,BULL,11.642000198364258,11.661999702453613,11.642000198364258,11.65999984741211,5900
2025-02-13,LIDR,0.824999988079071,0.8600000143051147,0.800000011920929,0.8420000076293945,527300
2025-02-13,ORBS,1.940000057220459,1.940000057220459,1.8389999866485596,1.899999976158142,38000
2025-02-13,ORCL,173.0,174.3800048828125,172.10000610351562,173.86000061035156,6421700
2025-02-13,PLTR,117.30999755859375,118.38999938964844,115.1500015258789,117.91000366210938,60027000
2025-02-13,PLTU,60.939998626708984,62.06999969482422,58.880001068115234,61.59000015258789,876800
2025-02-14,BULL,11.65999984741211,11.670000076293945,11.649999618530273,11.651000022888184,11800
2025-02-14,LIDR,0.8500000238418579,0.8600000143051147,0.8100000023841858,0.8389999866485596,340300
2025-02-14,ORBS,1.909999966621399,1.9199999570846558,1.8329999446868896,1.8890000581741333,37100
2025-02-14,ORCL,174.25,175.02999877929688,172.80999755859375,174.16000366210938,7260900
2025-02-14,PLTR,117.9000015258789,120.66999816894531,116.80000305175781,119.16000366210938,65528900
2025-02-14,PLTU,61.5,64.48999786376953,60.41999816894531,62.83000183105469,868700
2025-02-18,BULL,11.680000305175781,12.140000343322754,11.65999984741211,11.720000267028809,14100
2025-02-18,LIDR,0.8500000238418579,0.8600000143051147,0.7910000085830688,0.8100000023841858,587900
2025-02-18,ORBS,1.937000036239624,1.937000036239624,1.850000023841858,1.8700000047683716,7200
2025-02-18,ORCL,176.75,182.24000549316406,176.08999633789062,179.8000030517578,11430500
2025-02-18,PLTR,120.94000244140625,125.0,118.43000030517578,124.62000274658203,84227200
2025-02-18,PLTU,64.80000305175781,68.98899841308594,62.040000915527344,68.51000213623047,1317100
2025-02-19,BULL,11.680000305175781,11.680000305175781,11.65999984741211,11.670000076293945,3900
2025-02-19,LIDR,0.8299999833106995,0.8370000123977661,0.7609999775886536,0.7900000214576721,758800
2025-02-19,ORBS,1.840000033378601,1.8730000257492065,1.7359999418258667,1.7999999523162842,12800
2025-02-19,ORCL,178.5800018310547,181.67999267578125,175.6999969482422,181.52000427246094,8688500
2025-02-19,PLTR,123.86000061035156,125.41000366210938,108.55999755859375,112.05999755859375,147487300
2025-02-19,PLTU,67.98999786376953,69.4000015258789,50.93000030517578,54.790000915527344,2686200
2025-02-20,BULL,11.670000076293945,11.678999900817871,11.670000076293945,11.670000076293945,3000
2025-02-20,LIDR,0.800000011920929,0.8550000190734863,0.7509999871253967,0.8379999995231628,1220700
2025-02-20,ORBS,1.7999999523162842,1.8519999980926514,1.6799999475479126,1.6799999475479126,11800
2025-02-20,ORCL,179.80999755859375,180.27000427246094,174.42999267578125,176.0,8737000
2025-02-20,PLTR,102.91000366210938,107.4000015258789,95.80000305175781,106.2699966430664,243093900
2025-02-20,PLTU,46.0,50.279998779296875,38.880001068115234,48.970001220703125,6048600
2025-02-21,BULL,11.649999618530273,11.652999877929688,11.649999618530273,11.652999877929688,900
2025-02-21,LIDR,0.8389999866485596,0.8740000128746033,0.7509999871253967,0.7670000195503235,1449500
2025-02-21,ORBS,1.7000000476837158,1.75,1.690999984741211,1.7200000286102295,13500
2025-02-21,ORCL,176.1199951171875,176.8800048828125,167.5500030517578,167.80999755859375,9713900
2025-02-21,PLTR,107.68000030517578,109.06999969482422,100.0,101.3499984741211,129063200
2025-02-21,PLTU,50.290000915527344,51.54999923706055,43.54999923706055,44.45000076293945,3718500
2025-02-24,BULL,11.649999618530273,11.65999984741211,11.649999618530273,11.649999618530273,6100
2025-02-24,LIDR,0.7699999809265137,0.7799999713897705,0.6209999918937683,0.7009999752044678,1197600
2025-02-24,ORBS,1.7050000429153442,1.7699999809265137,1.600000023841858,1.6200000047683716,28800
2025-02-24,ORCL,173.57000732421875,174.1699981689453,164.66000366210938,169.9600067138672,10639100
2025-02-24,PLTR,95.87999725341797,99.01000213623047,89.30000305175781,90.68000030517578,184485000
2025-02-24,PLTU,39.720001220703125,42.439998626708984,33.880001068115234,35.09000015258789,6570300
2025-02-25,BULL,11.65999984741211,11.65999984741211,11.649999618530273,11.652000427246094,10100
2025-02-25,LIDR,0.675000011920929,0.6919999718666077,0.6100000143051147,0.6359999775886536,766500
2025-02-25,ORBS,1.600000023841858,1.6100000143051147,1.4800000190734863,1.5399999618530273,56200
2025-02-25,ORCL,169.2899932861328,170.60000610351562,164.44000244140625,168.5399932861328,8316100
2025-02-25,PLTR,90.6500015258789,91.69999694824219,85.25,87.83999633789062,132626300
2025-02-25,PLTU,35.09000015258789,35.84400177001953,30.860000610351562,32.86000061035156,4340200
2025-02-26,BULL,11.673999786376953,11.673999786376953,11.649999618530273,11.649999618530273,700
2025-02-26,LIDR,0.6399999856948853,0.800000011920929,0.6290000081062317,0.6610000133514404,1458500
2025-02-26,ORBS,1.559999942779541,1.6299999952316284,1.2799999713897705,1.3700000047683716,78000
2025-02-26,ORCL,170.97999572753906,173.8699951171875,169.1300048828125,172.47000122070312,6915100
2025-02-26,PLTR,89.16000366210938,91.69000244140625,87.58999633789062,89.30999755859375,94428700
2025-02-26,PLTU,33.939998626708984,35.720001220703125,32.70000076293945,33.939998626708984,2974100
2025-02-27,BULL,11.65999984741211,11.680000305175781,11.649999618530273,11.680000305175781,3700
2025-02-27,LIDR,0.6579999923706055,0.6700000166893005,0.574999988079071,0.6050000190734863,598000
2025-02-27,ORBS,1.3799999952316284,1.4559999704360962,1.3799999952316284,1.4199999570846558,12900
2025-02-27,ORCL,173.0,174.86000061035156,164.5800018310547,164.75999450683594,7436800
2025-02-27,PLTR,91.91000366210938,93.62000274658203,84.16999816894531,84.7699966430664,99680500
2025-02-27,PLTU,36.0099983215332,37.22999954223633,30.079999923706055,30.489999771118164,3652900
2025-02-28,BULL,11.680000305175781,11.680000305175781,11.630000114440918,11.680000305175781,263300
2025-02-28,LIDR,0.6100000143051147,0.6380000114440918,0.5799999833106995,0.6299999952316284,181200
2025-02-28,ORBS,1.4199999570846558,1.434999942779541,1.340999960899353,1.409999966621399,13000
2025-02-28,ORCL,163.11000061035156,166.14999389648438,160.80999755859375,166.05999755859375,12843300
2025-02-28,PLTR,79.9800033569336,85.18000030517578,78.58000183105469,84.91999816894531,125977400
2025-02-28,PLTU,26.989999771118164,30.610000610351562,26.030000686645508,30.5,3475100
2025-03-03,BULL,11.66100025177002,11.680000305175781,11.66100025177002,11.680000305175781,300
2025-03-03,LIDR,0.6449999809265137,0.6449999809265137,0.5649999976158142,0.5759999752044678,471100
2025-03-03,ORBS,1.409999966621399,1.4429999589920044,1.25,1.3600000143051147,31800
2025-03-03,ORCL,166.9499969482422,167.1199951171875,161.1300048828125,162.02000427246094,8081800
2025-03-03,PLTR,88.55000305175781,90.4800033569336,82.52999877929688,83.41999816894531,114573900
2025-03-03,PLTU,33.209999084472656,34.5890007019043,28.860000610351562,29.540000915527344,3874800
2025-03-04,BULL,11.65999984741211,11.66100025177002,11.649999618530273,11.649999618530273,12400
2025-03-04,LIDR,0.5580000281333923,0.5899999737739563,0.5120000243186951,0.5799999833106995,502100
2025-03-04,ORBS,1.350000023841858,1.350000023841858,1.2699999809265137,1.3259999752044678,12900
2025-03-04,ORCL,159.22000122070312,159.75999450683594,153.52000427246094,157.47000122070312,13171900
2025-03-04,PLTR,80.16000366210938,88.5,79.30000305175781,84.4000015258789,116800300
2025-03-04,PLTU,27.059999465942383,33.04999923706055,26.600000381469727,30.139999389648438,4033600
2025-03-05,BULL,11.640000343322754,11.65999984741211,11.619999885559082,11.65999984741211,7800
2025-03-05,LIDR,0.6000000238418579,0.6600000262260437,0.5899999737739563,0.6489999890327454,235500
2025-03-05,ORBS,1.3300000429153442,1.4199999570846558,1.3200000524520874,1.4199999570846558,8200
2025-03-05,ORCL,158.05999755859375,162.49000549316406,157.0500030517578,161.55999755859375,7141000
2025-03-05,PLTR,86.3499984741211,90.30000305175781,82.5,90.12999725341797,116053000
2025-03-05,PLTU,31.59000015258789,34.36000061035156,28.889999389648438,34.290000915527344,3795400
2025-03-06,BULL,11.680000305175781,11.680000305175781,11.649999618530273,11.649999618530273,2200
2025-03-06,LIDR,0.6399999856948853,0.6499999761581421,0.6039999723434448,0.6179999709129333,190400
2025-03-06,ORBS,1.5499999523162842,1.7400000095367432,1.4600000381469727,1.4800000190734863,69200
2025-03-06,ORCL,157.16000366210938,157.16000366210938,149.72999572753906,150.94000244140625,12321200
2025-03-06,PLTR,87.50499725341797,88.33999633789062,80.01000213623047,80.45999908447266,117340600
2025-03-06,PLTU,32.349998474121094,32.87900161743164,26.570999145507812,26.950000762939453,4596300
2025-03-07,BULL,11.649999618530273,11.659000396728516,11.649999618530273,11.659000396728516,5300
2025-03-07,LIDR,0.6200000047683716,0.6299999952316284,0.5569999814033508,0.6060000061988831,240500
2025-03-07,ORBS,1.4700000286102295,1.4700000286102295,1.0199999809265137,1.0800000429153442,337000
2025-03-07,ORCL,150.6199951171875,156.47999572753906,148.5,155.16000366210938,12646500
2025-03-07,PLTR,80.0250015258789,85.16000366210938,79.1500015258789,84.91000366210938,105377100
2025-03-07,PLTU,26.6299991607666,29.979999542236328,26.0,29.84000015258789,4498000
2025-03-10,BULL,11.649999618530273,11.649999618530273,11.609999656677246,11.649999618530273,18900
2025-03-10,LIDR,0.6290000081062317,0.6290000081062317,0.5320000052452087,0.5630000233650208,247700
2025-03-10,ORBS,1.0800000429153442,1.149999976158142,1.0800000429153442,1.100000023841858,35900
2025-03-10,ORCL,150.52999877929688,152.52000427246094,146.8000030517578,148.7899932861328,21486100
2025-03-10,PLTR,82.0,82.69000244140625,74.56999969482422,76.37999725341797,136843800
2025-03-10,PLTU,27.520000457763672,28.09000015258789,22.579999923706055,23.790000915527344,5245200
2025-03-11,BULL,11.619999885559082,11.71500015258789,11.609999656677246,11.71500015258789,402700
2025-03-11,LIDR,0.5509999990463257,0.5879999995231628,0.5400000214576721,0.5690000057220459,126300
2025-03-11,ORBS,1.1100000143051147,1.1399999856948853,1.059999942779541,1.1399999856948853,20500
2025-03-11,ORCL,143.4199981689453,145.77999877929688,137.6999969482422,144.17999267578125,27200200
2025-03-11,PLTR,75.78500366210938,80.74500274658203,75.52999877929688,78.05000305175781,109351500
2025-03-11,PLTU,23.440000534057617,26.530000686645508,23.299999237060547,24.81999969482422,6474000
2025-03-12,BULL,11.699999809265137,11.720000267028809,11.6899995803833,11.699999809265137,25900
2025-03-12,LIDR,0.5509999990463257,0.5839999914169312,0.5299999713897705,0.5690000057220459,247400
2025-03-12,ORBS,1.1100000143051147,1.1399999856948853,1.0800000429153442,1.1100000143051147,15700
2025-03-12,ORCL,146.22999572753906,152.22999572753906,145.00999450683594,150.88999938964844,15373900
2025-03-12,PLTR,83.4800033569336,84.55000305175781,79.86000061035156,83.6500015258789,116525100
2025-03-12,PLTU,28.3799991607666,28.989999771118164,26.040000915527344,28.440000534057617,4200200
2025-03-13,BULL,11.6899995803833,11.699999809265137,11.6899995803833,11.6899995803833,7900
2025-03-13,LIDR,0.5519999861717224,0.5860000252723694,0.5109999775886536,0.5299999713897705,308000
2025-03-13,ORBS,1.1299999952316284,1.1349999904632568,1.0700000524520874,1.0800000429153442,6100
2025-03-13,ORCL,149.7899932861328,150.1699981689453,145.47999572753906,147.66000366210938,14187700
2025-03-13,PLTR,82.84500122070312,83.73999786376953,78.31999969482422,79.62000274658203,100927200
2025-03-13,PLTU,27.700000762939453,28.40999984741211,24.770000457763672,25.649999618530273,4717400
2025-03-14,BULL,11.770000457763672,11.770000457763672,11.680000305175781,11.6899995803833,18700
2025-03-14,LIDR,0.5540000200271606,0.5799999833106995,0.5400000214576721,0.5799999833106995,229900
2025-03-14,ORBS,1.0800000429153442,1.1299999952316284,1.0399999618530273,1.1299999952316284,15000
2025-03-14,ORCL,148.9199981689453,150.8800048828125,147.8800048828125,149.27000427246094,9330000
2025-03-14,PLTR,82.97000122070312,87.2699966430664,82.16000366210938,86.23999786376953,113985000
2025-03-14,PLTU,27.790000915527344,30.55299949645996,27.34000015258789,29.889999389648438,3531300
2025-03-17,BULL,11.720000267028809,11.729999542236328,11.710000038146973,11.729999542236328,300300
2025-03-17,LIDR,0.5799999833106995,0.6949999928474426,0.5799999833106995,0.6399999856948853,724900
2025-03-17,ORBS,1.1399999856948853,1.1399999856948853,1.0800000429153442,1.1200000047683716,7500
2025-03-17,ORCL,150.39999389648438,155.75,150.39999389648438,154.00999450683594,9885000
2025-03-17,PLTR,88.44000244140625,88.81999969482422,84.5,87.3499984741211,99348900
2025-03-17,PLTU,31.43000030517578,31.68000030517578,28.700000762939453,30.65999984741211,4720600
2025-03-18,BULL,11.75,11.75,11.720000267028809,11.729999542236328,25700
2025-03-18,LIDR,0.6700000166893005,0.6700000166893005,0.6000000238418579,0.6700000166893005,488700
2025-03-18,ORBS,1.100000023841858,1.1200000047683716,1.0499999523162842,1.065000057220459,20600
2025-03-18,ORCL,152.3699951171875,152.4199981689453,148.6300048828125,149.4499969482422,9402500
2025-03-18,PLTR,85.77999877929688,86.16999816894531,81.80000305175781,83.88999938964844,93236500
2025-03-18,PLTU,29.489999771118164,29.770999908447266,26.809999465942383,28.200000762939453,4197800
2025-03-19,BULL,11.739999771118164,11.739999771118164,11.730999946594238,11.734999656677246,6000
2025-03-19,LIDR,0.6800000071525574,0.7059999704360962,0.6420000195503235,0.6629999876022339,993200
2025-03-19,ORBS,1.059999942779541,1.0800000429153442,1.059999942779541,1.0700000524520874,6900
2025-03-19,ORCL,150.05999755859375,154.07000732421875,150.0,152.4499969482422,6909500
2025-03-19,PLTR,84.55000305175781,87.98999786376953,82.86000061035156,86.0999984741211,89797400
2025-03-19,PLTU,28.709999084472656,30.969999313354492,27.549999237060547,29.709999084472656,2901300
2025-03-20,BULL,11.760000228881836,11.760000228881836,11.720000267028809,11.729999542236328,14300
2025-03-20,LIDR,0.6740000247955322,0.699999988079071,0.6430000066757202,0.6899999976158142,498800
2025-03-20,ORBS,1.0700000524520874,1.1200000047683716,1.0700000524520874,1.0800000429153442,15300
2025-03-20,ORCL,151.5800018310547,154.49000549316406,150.82000732421875,152.72000122070312,7051600
2025-03-20,PLTR,85.54000091552734,89.80000305175781,85.12000274658203,87.38999938964844,105547400
2025-03-20,PLTU,29.309999465942383,32.22999954223633,29.075000762939453,30.600000381469727,4078900
2025-03-21,BULL,11.729999542236328,11.729999542236328,11.699999809265137,11.710000038146973,27000
2025-03-21,LIDR,0.6800000071525574,0.7099999785423279,0.6679999828338623,0.6899999976158142,335700
2025-03-21,ORBS,1.090000033378601,1.1299999952316284,1.0829999446868896,1.1299999952316284,16900
2025-03-21,ORCL,151.64999389648438,153.83999633789062,150.11000061035156,152.22999572753906,17620200
2025-03-21,PLTR,85.8499984741211,91.06999969482422,84.45999908447266,90.95999908447266,116748700
2025-03-21,PLTU,29.31999969482422,33.099998474121094,28.540000915527344,33.09000015258789,3425300
2025-03-24,BULL,11.729999542236328,11.739999771118164,11.710000038146973,11.729999542236328,569000
2025-03-24,LIDR,0.7200000286102295,0.7200000286102295,0.6700000166893005,0.6880000233650208,228800
2025-03-24,ORBS,1.1200000047683716,1.2300000190734863,1.1200000047683716,1.2000000476837158,37700
2025-03-24,ORCL,156.33999633789062,156.60000610351562,154.02999877929688,154.8699951171875,7848300
2025-03-24,PLTR,93.4000015258789,97.38999938964844,92.27999877929688,96.75,112164700
2025-03-24,PLTU,34.779998779296875,37.66999816894531,34.04499816894531,37.2599983215332,4769300
2025-03-25,BULL,11.729999542236328,11.899999618530273,11.710000038146973,11.75,69800
2025-03-25,LIDR,0.6840000152587891,0.6980000138282776,0.6119999885559082,0.6380000114440918,279400
2025-03-25,ORBS,1.2000000476837158,1.2300000190734863,1.1540000438690186,1.2300000190734863,10100
2025-03-25,ORCL,154.50999450683594,155.60000610351562,153.0500030517578,153.92999267578125,8521200
2025-03-25,PLTR,97.22000122070312,98.16999816894531,95.08000183105469,96.5,78015300
2025-03-25,PLTU,37.650001525878906,38.20000076293945,35.86000061035156,36.93000030517578,2461300
2025-03-26,BULL,11.850000381469727,12.0,11.279999732971191,11.850000381469727,41500
2025-03-26,LIDR,0.6240000128746033,0.6669999957084656,0.6240000128746033,0.6499999761581421,208400
2025-03-26,ORBS,1.2000000476837158,1.3300000429153442,1.190000057220459,1.309999942779541,10500
2025-03-26,ORCL,152.88999938964844,153.02999877929688,146.55999755859375,147.8000030517578,13210000
2025-03-26,PLTR,96.29000091552734,97.30000305175781,90.81999969482422,92.27999877929688,81428600
2025-03-26,PLTU,36.77000045776367,37.529998779296875,32.56999969482422,33.720001220703125,2784300
2025-03-27,BULL,12.279999732971191,12.850000381469727,11.5,12.680000305175781,59500
2025-03-27,LIDR,0.6669999957084656,0.6769999861717224,0.6349999904632568,0.6639999747276306,222400
2025-03-27,ORBS,1.2799999713897705,1.2799999713897705,1.2000000476837158,1.2000000476837158,10500
2025-03-27,ORCL,145.85000610351562,147.0399932861328,144.9199981689453,145.77999877929688,9148300
2025-03-27,PLTR,91.01499938964844,93.6500015258789,89.66999816894531,90.08999633789062,82823000
2025-03-27,PLTU,32.779998779296875,34.650001525878906,31.763999938964844,32.040000915527344,2371800
2025-03-28,BULL,13.399999618530273,13.399999618530273,12.460000038146973,12.649999618530273,67700
2025-03-28,LIDR,0.6439999938011169,0.6520000100135803,0.5839999914169312,0.5920000076293945,211700
2025-03-28,ORBS,1.2000000476837158,1.2000000476837158,1.100000023841858,1.100000023841858,14600
2025-03-28,ORCL,143.77999877929688,145.64999389648438,139.11000061035156,140.8699951171875,13144500
2025-03-28,PLTR,89.33999633789062,89.37999725341797,84.0999984741211,85.8499984741211,91091700
2025-03-28,PLTU,31.5,31.5,27.799999237060547,28.969999313354492,2472200
2025-03-31,BULL,12.699999809265137,12.699999809265137,12.0,12.199999809265137,24200
2025-03-31,LIDR,0.5849999785423279,0.6069999933242798,0.5509999990463257,0.5699999928474426,197200
2025-03-31,ORBS,1.100000023841858,1.1050000190734863,1.0700000524520874,1.0700000524520874,8500
2025-03-31,ORCL,138.63999938964844,140.58999633789062,136.75999450683594,139.80999755859375,15509900
2025-03-31,PLTR,80.0,84.6500015258789,78.75,84.4000015258789,108092900
2025-03-31,PLTU,25.09000015258789,28.209999084472656,24.25,28.06999969482422,5298900
2025-04-01,BULL,12.0,12.0,11.4399995803833,11.795000076293945,78900
2025-04-01,LIDR,0.5600000023841858,0.6000000238418579,0.5580000281333923,0.5799999833106995,145700
2025-04-01,ORBS,1.0800000429153442,1.149999976158142,1.0399999618530273,1.1299999952316284,9600
2025-04-01,ORCL,139.75999450683594,143.25,138.75999450683594,141.94000244140625,9518500
2025-04-01,PLTR,83.88999938964844,85.27999877929688,81.81999969482422,84.68000030517578,78980700
2025-04-01,PLTU,27.690000534057617,28.6200008392334,26.3700008392334,28.209999084472656,3737700
2025-04-02,BULL,11.829999923706055,11.829999923706055,10.9399995803833,11.739999771118164,52500
2025-04-02,LIDR,0.5799999833106995,0.6110000014305115,0.5699999928474426,0.5920000076293945,154500
2025-04-02,ORBS,1.090000033378601,1.2300000190734863,1.090000033378601,1.159999966621399,5300
2025-04-02,ORCL,139.86000061035156,147.88999938964844,139.86000061035156,145.86000061035156,11594400
2025-04-02,PLTR,82.4000015258789,88.40499877929688,82.30000305175781,87.44999694824219,96563100
2025-04-02,PLTU,26.729999542236328,30.690000534057617,26.639999389648438,30.030000686645508,3559900
2025-04-03,BULL,11.539999961853027,11.619999885559082,11.100000381469727,11.420000076293945,11700
2025-04-03,LIDR,0.5600000023841858,0.578000009059906,0.531000018119812,0.5450000166893005,301100
2025-04-03,ORBS,1.1399999856948853,1.1399999856948853,1.0499999523162842,1.1299999952316284,15200
2025-04-03,ORCL,139.25,141.39999389648438,136.63999938964844,137.22999572753906,14433800
2025-04-03,PLTR,81.25,85.68000030517578,81.01000213623047,83.5999984741211,93878200
2025-04-03,PLTU,25.645000457763672,28.829999923706055,25.6200008392334,27.450000762939453,2961700
2025-04-04,BULL,11.430000305175781,11.550000190734863,11.0,11.270000457763672,32300
2025-04-04,LIDR,0.5400000214576721,0.5569999814033508,0.49000000953674316,0.5090000033378601,227800
2025-04-04,ORBS,1.1100000143051147,1.1100000143051147,1.0199999809265137,1.065000057220459,7900
2025-04-04,ORCL,132.91000366210938,133.82000732421875,126.94999694824219,128.27000427246094,14986900
2025-04-04,PLTR,80.06999969482422,80.9800033569336,71.93000030517578,74.01000213623047,147323200
2025-04-04,PLTU,25.100000381469727,25.639999389648438,19.770000457763672,21.079999923706055,5909000
2025-04-07,BULL,11.239999771118164,11.239999771118164,11.00100040435791,11.109999656677246,464200
2025-04-07,LIDR,0.5,0.5640000104904175,0.5,0.5350000262260437,349500
2025-04-07,ORBS,1.059999942779541,1.059999942779541,0.9800000190734863,1.024999976158142,13100
2025-04-07,ORCL,118.86000061035156,134.11000061035156,118.86000061035156,127.16000366210938,19482700
2025-04-07,PLTR,66.6500015258789,81.80000305175781,66.12000274658203,77.83999633789062,169083700
2025-04-07,PLTU,16.90999984741211,25.530000686645508,16.610000610351562,23.219999313354492,10433200
2025-04-08,BULL,11.979999542236328,11.989999771118164,10.390000343322754,11.199999809265137,87700
2025-04-08,LIDR,0.5350000262260437,0.5600000023841858,0.5120000243186951,0.5230000019073486,183100
2025-04-08,ORBS,1.0800000429153442,1.1200000047683716,0.9760000109672546,1.0299999713897705,198700
2025-04-08,ORCL,132.5399932861328,132.99000549316406,121.69999694824219,124.5,11950300
2025-04-08,PLTR,83.29000091552734,86.11399841308594,75.22000122070312,77.31999969482422,135345600
2025-04-08,PLTU,26.56999969482422,28.200000762939453,21.719999313354492,22.940000534057617,5822200
2025-04-09,BULL,11.800000190734863,11.800000190734863,11.079999923706055,11.4399995803833,16900
2025-04-09,LIDR,0.5199999809265137,0.5920000076293945,0.5099999904632568,0.5799999833106995,232600
2025-04-09,ORBS,1.0199999809265137,1.1100000143051147,1.0099999904632568,1.0399999618530273,108600
2025-04-09,ORCL,123.4000015258789,140.58999633789062,123.4000015258789,139.69000244140625,17762000
2025-04-09,PLTR,78.19000244140625,93.33000183105469,77.2699966430664,92.01000213623047,187244300
2025-04-09,PLTU,23.454999923706055,32.47999954223633,22.94700050354004,31.540000915527344,6670000
2025-04-10,BULL,11.619999885559082,12.300000190734863,11.079999923706055,12.020000457763672,196300
2025-04-10,LIDR,0.5630000233650208,0.609000027179718,0.5410000085830688,0.5899999737739563,143600
2025-04-10,ORBS,1.090000033378601,1.100000023841858,1.0199999809265137,1.059999942779541,42300
2025-04-10,ORCL,136.64999389648438,136.64999389648438,129.25999450683594,133.35000610351562,12401600
2025-04-10,PLTR,88.4000015258789,90.77999877929688,84.13999938964844,88.58999633789062,124448200
2025-04-10,PLTU,29.200000762939453,30.726999282836914,26.260000228881836,29.270000457763672,4455400
2025-04-11,BULL,16.0,16.690000534057617,9.539999961853027,13.25,3931800
2025-04-11,LIDR,0.6200000047683716,0.652999997138977,0.6000000238418579,0.6309999823570251,221800
2025-04-11,ORBS,1.0399999618530273,1.0720000267028809,1.0299999713897705,1.0379999876022339,22700
2025-04-11,ORCL,132.11000061035156,133.0,128.83999633789062,132.35000610351562,10190200
2025-04-11,PLTR,87.9800033569336,89.55000305175781,85.47000122070312,88.55000305175781,95130700
2025-04-11,PLTU,28.899999618530273,29.899999618530273,27.200000762939453,29.200000762939453,2728900
2025-04-14,BULL,27.639999389648438,79.55999755859375,26.020000457763672,62.900001525878906,36885300
2025-04-14,LIDR,0.6399999856948853,0.6399999856948853,0.6100000143051147,0.6330000162124634,173400
2025-04-14,ORBS,1.0499999523162842,1.1019999980926514,1.0099999904632568,1.0199999809265137,10700
2025-04-14,ORCL,136.8000030517578,136.8000030517578,132.8699951171875,134.63999938964844,8217700
2025-04-14,PLTR,95.80000305175781,97.33000183105469,91.45999908447266,92.62000274658203,122836900
2025-04-14,PLTU,34.0,35.029998779296875,31.170000076293945,31.940000534057617,4759900
2025-04-15,BULL,49.79999923706055,59.209999084472656,39.099998474121094,40.900001525878906,12009600
2025-04-15,LIDR,0.6299999952316284,0.6700000166893005,0.6110000014305115,0.6589999794960022,89600
2025-04-15,ORBS,1.0299999713897705,1.0850000381469727,1.0199999809265137,1.0700000524520874,24300
2025-04-15,ORCL,134.75999450683594,136.47999572753906,133.72000122070312,133.94000244140625,8630000
2025-04-15,PLTR,93.52999877929688,98.98999786376953,93.05000305175781,98.4000015258789,118457700
2025-04-15,PLTU,32.599998474121094,36.30699920654297,32.25,35.900001525878906,4517400
2025-04-16,BULL,40.40999984741211,52.68600082397461,34.5,36.220001220703125,9312700
2025-04-16,LIDR,0.6700000166893005,0.6800000071525574,0.6340000033378601,0.6420000195503235,135600
2025-04-16,ORBS,1.0700000524520874,1.093000054359436,1.0299999713897705,1.0809999704360962,13200
2025-04-16,ORCL,132.27999877929688,132.5399932861328,127.8499984741211,129.75999450683594,8295200
2025-04-16,PLTR,96.27999877929688,97.30000305175781,89.62000274658203,92.70999908447266,121997600
2025-04-16,PLTU,34.349998474121094,35.06999969482422,29.5,31.780000686645508,4975800
2025-04-17,BULL,37.86000061035156,38.61000061035156,25.829999923706055,26.329999923706055,3904400
2025-04-17,LIDR,0.6309999823570251,0.6499999761581421,0.6129999756813049,0.6480000019073486,44900
2025-04-17,ORBS,1.0800000429153442,1.0800000429153442,1.059999942779541,1.0800000429153442,2200
2025-04-17,ORCL,130.89999389648438,131.3000030517578,128.44000244140625,128.6199951171875,8925500
2025-04-17,PLTR,94.70999908447266,95.11000061035156,92.2699966430664,93.77999877929688,83991800
2025-04-17,PLTU,32.9900016784668,33.33000183105469,31.40399932861328,32.400001525878906,2763000
2025-04-21,BULL,24.229999542236328,27.299999237060547,21.850000381469727,24.6200008392334,3697100
2025-04-21,LIDR,0.6499999761581421,0.6499999761581421,0.6100000143051147,0.6439999938011169,71300
2025-04-21,ORBS,1.0700000524520874,1.0950000286102295,1.0099999904632568,1.059999942779541,29800
2025-04-21,ORCL,126.88999938964844,127.19999694824219,121.23999786376953,122.81999969482422,12201200
2025-04-21,PLTR,92.83999633789062,96.4749984741211,89.30999755859375,90.80000305175781,83831100
2025-04-21,PLTU,31.739999771118164,34.279998779296875,29.34000015258789,30.3799991607666,3401300
2025-04-22,BULL,23.549999237060547,33.32899856567383,22.510000228881836,23.479999542236328,9812300
2025-04-22,LIDR,0.6320000290870667,0.6740000247955322,0.6320000290870667,0.6589999794960022,69000
2025-04-22,ORBS,1.059999942779541,1.059999942779541,1.0,1.0399999618530273,8000
2025-04-22,ORCL,124.5,127.98999786376953,123.38999938964844,127.23999786376953,11233700
2025-04-22,PLTR,93.01499938964844,96.33999633789062,91.3499984741211,93.98999786376953,91185400
2025-04-22,PLTU,31.899999618530273,34.04800033569336,30.770000457763672,32.459999084472656,3618000
2025-04-23,BULL,26.8799991607666,27.5,20.530000686645508,21.56999969482422,5608100
2025-04-23,LIDR,0.7039999961853027,0.7300000190734863,0.6690000295639038,0.6899999976158142,255000
2025-04-23,ORBS,1.0399999618530273,1.090000033378601,1.0399999618530273,1.0889999866485596,8200
2025-04-23,ORCL,134.91000366210938,135.8699951171875,130.99000549316406,131.39999389648438,9528900
2025-04-23,PLTR,98.86000061035156,103.76000213623047,97.83000183105469,100.81999969482422,112909500
2025-04-23,PLTU,35.84000015258789,39.060001373291016,35.209999084472656,37.119998931884766,4962100
2025-04-24,BULL,20.860000610351562,21.649999618530273,18.850000381469727,19.5,3589700
2025-04-24,LIDR,0.7099999785423279,0.7549999952316284,0.6899999976158142,0.7009999752044678,471100
2025-04-24,ORBS,1.090000033378601,1.1699999570846558,1.0800000429153442,1.1299999952316284,18500
2025-04-24,ORCL,132.50999450683594,137.86000061035156,132.0,137.50999450683594,7305900
2025-04-24,PLTR,101.52999877929688,108.0,100.91000366210938,107.77999877929688,103190700
2025-04-24,PLTU,37.65999984741211,42.45000076293945,37.33000183105469,42.279998779296875,4961300
2025-04-25,BULL,19.600000381469727,19.604000091552734,16.899999618530273,17.270000457763672,5371900
2025-04-25,LIDR,0.7099999785423279,0.7480000257492065,0.699999988079071,0.734000027179718,193200
2025-04-25,ORBS,1.1449999809265137,1.190000057220459,1.1449999809265137,1.159999966621399,5100
2025-04-25,ORCL,137.49000549316406,139.0,136.75999450683594,138.49000549316406,5476400
2025-04-25,PLTR,108.05000305175781,112.87999725341797,106.55000305175781,112.77999877929688,103933800
2025-04-25,PLTU,42.470001220703125,46.290000915527344,41.34000015258789,46.209999084472656,4659700
2025-04-28,BULL,18.209999084472656,18.219999313354492,14.949999809265137,15.444999694824219,6235700
2025-04-28,LIDR,0.7059999704360962,0.7680000066757202,0.7059999704360962,0.7480000257492065,192200
2025-04-28,ORBS,1.1699999570846558,1.1699999570846558,1.100000023841858,1.149999976158142,6500
2025-04-28,ORCL,139.64999389648438,140.6699981689453,138.0800018310547,140.13999938964844,6985100
2025-04-28,PLTR,113.77999877929688,114.86000061035156,108.87000274658203,114.6500015258789,111082900
2025-04-28,PLTU,47.040000915527344,47.91999816894531,43.0,47.75,5679800
2025-04-29,BULL,14.729999542236328,16.100000381469727,13.75,14.430000305175781,7337400
2025-04-29,LIDR,0.7599999904632568,0.7599999904632568,0.699999988079071,0.7229999899864197,105300
2025-04-29,ORBS,1.190000057220459,1.3200000524520874,1.159999966621399,1.309999942779541,371200
2025-04-29,ORCL,139.80999755859375,141.16000366210938,139.5500030517578,140.7899932861328,4851500
2025-04-29,PLTR,113.9800033569336,117.2300033569336,113.23999786376953,116.08000183105469,79709000
2025-04-29,PLTU,47.16999816894531,49.21500015258789,46.555999755859375,48.900001525878906,4150900
2025-04-30,BULL,13.960000038146973,15.25,13.40999984741211,13.890000343322754,7020300
2025-04-30,LIDR,0.7350000143051147,0.7350000143051147,0.6499999761581421,0.7300000190734863,242500
2025-04-30,ORBS,1.600000023841858,1.600000023841858,1.2899999618530273,1.340000033378601,2112700
2025-04-30,ORCL,138.47999572753906,141.3000030517578,135.57000732421875,140.72000122070312,9443500
2025-04-30,PLTR,111.61000061035156,118.77999877929688,110.54000091552734,118.44000244140625,109461700
2025-04-30,PLTU,45.119998931884766,51.18899917602539,44.22999954223633,50.880001068115234,6579000
2025-05-01,BULL,14.710000038146973,14.949999809265137,13.09000015258789,13.539999961853027,5767400
2025-05-01,LIDR,0.7039999961853027,0.7429999709129333,0.6759999990463257,0.7369999885559082,151900
2025-05-01,ORBS,1.3600000143051147,1.5800000429153442,1.3300000429153442,1.4500000476837158,272200
2025-05-01,ORCL,146.55999755859375,148.63999938964844,145.33999633789062,145.49000549316406,11525800
2025-05-01,PLTR,120.04000091552734,120.19000244140625,116.0,116.19999694824219,90677600
2025-05-01,PLTU,52.349998474121094,52.38999938964844,48.81999969482422,48.939998626708984,5038300
2025-05-02,BULL,13.600000381469727,16.350000381469727,13.100000381469727,15.960000038146973,12419600
2025-05-02,LIDR,0.7279999852180481,0.7599999904632568,0.6930000185966492,0.7260000109672546,168400
2025-05-02,ORBS,1.4500000476837158,1.4700000286102295,1.3200000524520874,1.3700000047683716,56200
2025-05-02,ORCL,148.3300018310547,153.05999755859375,148.3300018310547,150.72999572753906,11346000
2025-05-02,PLTR,118.66000366210938,124.41999816894531,118.62999725341797,124.27999877929688,103094300
2025-05-02,PLTU,51.05500030517578,55.827999114990234,50.95000076293945,55.709999084472656,5882000
2025-05-05,BULL,15.479999542236328,16.700000762939453,14.100000381469727,14.550000190734863,10742600
2025-05-05,LIDR,0.7260000109672546,0.7490000128746033,0.7200000286102295,0.722000002861023,119700
2025-05-05,ORBS,1.350000023841858,1.440000057220459,1.309999942779541,1.3799999952316284,57300
2025-05-05,ORCL,149.44000244140625,150.82000732421875,148.52000427246094,149.2899932861328,5187400
2025-05-05,PLTR,123.69999694824219,125.25499725341797,121.36000061035156,123.7699966430664,135961300
2025-05-05,PLTU,55.189998626708984,56.540000915527344,53.060001373291016,55.41999816894531,8005800
2025-05-06,BULL,15.359999656677246,15.84000015258789,14.40999984741211,14.9399995803833,9675800
2025-05-06,LIDR,0.7200000286102295,0.7200000286102295,0.6600000262260437,0.6819999814033508,186100
2025-05-06,ORBS,1.340999960899353,1.440000057220459,1.340000033378601,1.340000033378601,35600
2025-05-06,ORCL,146.97999572753906,148.94000244140625,145.72000122070312,147.6999969482422,5108600
2025-05-06,PLTR,112.70999908447266,113.91000366210938,105.31999969482422,108.86000061035156,201193400
2025-05-06,PLTU,45.380001068115234,46.099998474121094,38.78799819946289,41.849998474121094,13459300
2025-05-07,BULL,14.9399995803833,17.649999618530273,14.25,16.25,21114300
2025-05-07,LIDR,0.675000011920929,0.699999988079071,0.621999979019165,0.6489999890327454,7028700
2025-05-07,ORBS,1.3300000429153442,1.340000033378601,1.25,1.2799999713897705,26200
2025-05-07,ORCL,147.5,149.89999389648438,147.24000549316406,149.3699951171875,6049600
2025-05-07,PLTR,107.97000122070312,111.8499984741211,107.0,110.4800033569336,95428800
2025-05-07,PLTU,41.20000076293945,44.20000076293945,40.470001220703125,43.130001068115234,6225500
2025-05-08,BULL,16.604999542236328,18.700000762939453,15.729999542236328,18.100000381469727,13402400
2025-05-08,LIDR,0.6629999876022339,0.6729999780654907,0.5410000085830688,0.5619999766349792,7835100
2025-05-08,ORBS,1.340000033378601,1.3700000047683716,1.2350000143051147,1.3550000190734863,87700
2025-05-08,ORCL,149.0500030517578,151.80999755859375,148.61000061035156,150.3000030517578,6113600
2025-05-08,PLTR,112.27999877929688,120.37999725341797,112.06999969482422,119.1500015258789,126966200
2025-05-08,PLTU,44.599998474121094,50.83000183105469,44.5,49.869998931884766,7747100
2025-05-09,BULL,17.959999084472656,18.850000381469727,16.1299991607666,16.40999984741211,10072100
2025-05-09,LIDR,0.5199999809265137,0.6200000047683716,0.5009999871253967,0.6069999933242798,1955900
2025-05-09,ORBS,1.309999942779541,1.340000033378601,1.2599999904632568,1.3289999961853027,21400
2025-05-09,ORCL,150.0399932861328,151.8000030517578,149.7899932861328,150.33999633789062,4707100
2025-05-09,PLTR,118.97000122070312,119.16000366210938,114.9000015258789,117.30000305175781,81005300
2025-05-09,PLTU,49.650001525878906,49.7400016784668,46.27000045776367,48.290000915527344,5115700
2025-05-12,BULL,15.609999656677246,16.0,13.880000114440918,14.09000015258789,12627500
2025-05-12,LIDR,0.6499999761581421,0.6700000166893005,0.5799999833106995,0.6639999747276306,940800
2025-05-12,ORBS,1.3300000429153442,1.4700000286102295,1.2699999809265137,1.4299999475479126,185300
2025-05-12,ORCL,156.30999755859375,157.42999267578125,154.4199981689453,157.22000122070312,7875500
2025-05-12,PLTR,120.77999877929688,120.93499755859375,115.01000213623047,118.45999908447266,94257300
2025-05-12,PLTU,51.209999084472656,51.25899887084961,46.43000030517578,49.220001220703125,5331900
2025-05-13,BULL,14.149999618530273,14.380000114440918,13.65999984741211,13.989999771118164,7984200
2025-05-13,LIDR,0.6480000019073486,0.675000011920929,0.621999979019165,0.6629999876022339,488600
2025-05-13,ORBS,1.440000057220459,1.5299999713897705,1.350000023841858,1.4500000476837158,122400
2025-05-13,ORCL,158.22000122070312,163.22000122070312,157.57000732421875,162.27000427246094,11955200
2025-05-13,PLTR,119.91999816894531,130.60000610351562,119.30999755859375,128.10000610351562,147155400
2025-05-13,PLTU,50.41999816894531,59.33000183105469,50.0,57.209999084472656,7216700
2025-05-14,BULL,14.140000343322754,14.1850004196167,13.260000228881836,13.515000343322754,9180000
2025-05-14,LIDR,0.6650000214576721,0.6980000138282776,0.6499999761581421,0.6859999895095825,847300
2025-05-14,ORBS,1.5399999618530273,1.5399999618530273,1.2999999523162842,1.409999966621399,104000
2025-05-14,ORCL,162.36000061035156,163.41000366210938,161.05999755859375,162.9499969482422,7499400
2025-05-14,PLTR,129.00999450683594,133.49000549316406,127.55899810791016,130.17999267578125,96611500
2025-05-14,PLTU,58.119998931884766,62.02000045776367,56.7400016784668,59.02000045776367,4876800
2025-05-15,BULL,13.3100004196167,13.399999618530273,12.199999809265137,12.289999961853027,7313700
2025-05-15,LIDR,0.699999988079071,0.7099999785423279,0.6579999923706055,0.6930000185966492,465200
2025-05-15,ORBS,1.409999966621399,1.4950000047683716,1.3220000267028809,1.4149999618530273,19100
2025-05-15,ORCL,161.36000061035156,161.74000549316406,158.91000366210938,159.39999389648438,10169200
2025-05-15,PLTR,128.3699951171875,130.1999969482422,125.73999786376953,128.1199951171875,69503000
2025-05-15,PLTU,57.290000915527344,59.0,55.029998779296875,57.119998931884766,3905800
2025-05-16,BULL,13.199999809265137,13.369999885559082,12.170000076293945,12.40999984741211,12063100
2025-05-16,LIDR,0.7250000238418579,0.7250000238418579,0.6710000038146973,0.7059999704360962,465100
2025-05-16,ORBS,1.4500000476837158,1.4500000476837158,1.350000023841858,1.3899999856948853,35800
2025-05-16,ORCL,160.0,160.83999633789062,158.52000427246094,160.49000549316406,8515500
2025-05-16,PLTR,129.22999572753906,130.3300018310547,126.76000213623047,129.52000427246094,57003700
2025-05-16,PLTU,58.04999923706055,59.099998474121094,55.95000076293945,58.33000183105469,3049200
2025-05-19,BULL,12.020000457763672,12.170000076293945,11.609999656677246,11.90999984741211,5186000
2025-05-19,LIDR,0.699999988079071,0.718999981880188,0.6639999747276306,0.7099999785423279,300400
2025-05-19,ORBS,1.371000051498413,1.3899999856948853,1.3300000429153442,1.3450000286102295,13500
2025-05-19,ORCL,158.3000030517578,161.97000122070312,157.8300018310547,159.63999938964844,10268900
2025-05-19,PLTR,124.71499633789062,127.7699966430664,124.31999969482422,126.33000183105469,72503900
2025-05-19,PLTU,54.08000183105469,56.80799865722656,53.709999084472656,55.5099983215332,3394300
2025-05-20,BULL,12.699999809265137,13.1899995803833,12.01200008392334,12.210000038146973,16328700
2025-05-20,LIDR,0.7099999785423279,0.7400000095367432,0.6819999814033508,0.7400000095367432,474000
2025-05-20,ORBS,1.3300000429153442,1.3890000581741333,1.3300000429153442,1.3700000047683716,10600
2025-05-20,ORCL,158.6300048828125,160.36000061035156,157.52999877929688,160.30999755859375,7576400
2025-05-20,PLTR,127.22000122070312,128.1999969482422,124.6500015258789,125.58999633789062,61265300
2025-05-20,PLTU,56.2599983215332,57.130001068115234,54.040000915527344,54.90999984741211,2737900
2025-05-21,BULL,12.220000267028809,13.529999732971191,12.069999694824219,12.59000015258789,16149100
2025-05-21,LIDR,0.7409999966621399,0.75,0.703000009059906,0.7070000171661377,482300
2025-05-21,ORBS,1.3700000047683716,1.3930000066757202,1.3300000429153442,1.340000033378601,10400
2025-05-21,ORCL,158.35000610351562,160.89999389648438,156.4600067138672,157.17999267578125,6011000
2025-05-21,PLTR,125.16000366210938,127.11000061035156,119.41000366210938,120.58000183105469,80657700
2025-05-21,PLTU,54.529998779296875,56.130001068115234,49.459999084472656,50.400001525878906,4130500
2025-05-22,BULL,12.720000267028809,13.720000267028809,12.569999694824219,13.5,17939700
2025-05-22,LIDR,0.7200000286102295,0.7770000100135803,0.7049999833106995,0.7570000290870667,510600
2025-05-22,ORBS,1.3300000429153442,1.340000033378601,1.2300000190734863,1.2699999809265137,32600
2025-05-22,ORCL,156.97999572753906,159.19000244140625,156.82000732421875,157.30999755859375,7603300
2025-05-22,PLTR,121.94999694824219,126.33000183105469,121.375,122.29000091552734,75498300
2025-05-22,PLTU,51.4900016784668,55.279998779296875,51.130001068115234,51.88999938964844,4124000
2025-05-23,BULL,12.760000228881836,12.890000343322754,12.149999618530273,12.300000190734863,12451500
2025-05-23,LIDR,0.7369999885559082,0.7860000133514404,0.7160000205039978,0.7860000133514404,181800
2025-05-23,ORBS,1.2699999809265137,1.309999942779541,1.2280000448226929,1.2400000095367432,7300
2025-05-23,ORCL,154.99000549316406,157.3800048828125,154.25999450683594,155.97000122070312,6527500
2025-05-23,PLTR,120.87999725341797,125.54000091552734,120.68000030517578,123.30999755859375,65905800
2025-05-23,PLTU,50.7400016784668,54.58000183105469,50.47999954223633,52.709999084472656,3098500
2025-05-27,BULL,12.529999732971191,13.239999771118164,11.850000381469727,13.204999923706055,11895800
2025-05-27,LIDR,0.7860000133514404,0.8360000252723694,0.7599999904632568,0.7699999809265137,301800
2025-05-27,ORBS,1.2100000381469727,1.3300000429153442,1.2100000381469727,1.3200000524520874,43600
2025-05-27,ORCL,159.32000732421875,162.39999389648438,158.9199981689453,161.91000366210938,6976800
2025-05-27,PLTR,126.81999969482422,127.87999725341797,120.87999725341797,123.38999938964844,86455200
2025-05-27,PLTU,55.720001220703125,56.56999969482422,50.630001068115234,52.72999954223633,4163800
2025-05-28,BULL,13.380000114440918,14.25,13.050000190734863,13.220000267028809,19998000
2025-05-28,LIDR,0.7799999713897705,0.7799999713897705,0.7089999914169312,0.7490000128746033,216200
2025-05-28,ORBS,1.3200000524520874,1.3370000123977661,1.2599999904632568,1.309999942779541,20900
2025-05-28,ORCL,161.8699951171875,164.32000732421875,161.27999877929688,163.85000610351562,8090700
2025-05-28,PLTR,124.2300033569336,125.6500015258789,122.91000366210938,123.76000213623047,64866000
2025-05-28,PLTU,53.45000076293945,54.689998626708984,52.32699966430664,53.06999969482422,2808400
2025-05-29,BULL,12.90999984741211,13.0,12.350000381469727,12.4399995803833,10293000
2025-05-29,LIDR,0.7770000100135803,0.7770000100135803,0.7329999804496765,0.7519999742507935,74900
2025-05-29,ORBS,1.340000033378601,1.340000033378601,1.2610000371932983,1.315000057220459,16100
2025-05-29,ORCL,165.0,165.32000732421875,161.49000549316406,162.89999389648438,6994700
2025-05-29,PLTR,125.3499984741211,126.47000122070312,121.52999877929688,122.31999969482422,62929100
2025-05-29,PLTU,54.349998474121094,55.369998931884766,51.119998931884766,51.75,2751700
2025-05-30,BULL,12.170000076293945,12.239999771118164,11.539999961853027,11.680000305175781,10810300
2025-05-30,LIDR,0.75,0.75,0.6899999976158142,0.7070000171661377,444300
2025-05-30,ORBS,1.309999942779541,1.399999976158142,1.2999999523162842,1.3049999475479126,17700
2025-05-30,ORCL,163.42999267578125,165.75,161.5500030517578,165.52999877929688,17547900
2025-05-30,PLTR,123.52999877929688,131.94000244140625,122.75,131.77999877929688,185897600
2025-05-30,PLTU,52.810001373291016,59.86000061035156,52.11000061035156,59.75,8037900
2025-06-02,BULL,11.579999923706055,11.618000030517578,11.133999824523926,11.4399995803833,7860300
2025-06-02,LIDR,0.7099999785423279,0.7279999852180481,0.6940000057220459,0.7099999785423279,223200
2025-06-02,ORBS,1.3600000143051147,1.3600000143051147,1.2960000038146973,1.3550000190734863,7800
2025-06-02,ORCL,164.1699981689453,167.0,162.60000610351562,166.57000732421875,7166000
2025-06-02,PLTR,131.43499755859375,134.47999572753906,128.86000061035156,132.0399932861328,93218700
2025-06-02,PLTU,59.290000915527344,62.150001525878906,57.130001068115234,59.93000030517578,4712600
2025-06-03,BULL,11.300000190734863,11.380000114440918,10.890000343322754,10.949999809265137,8923700
2025-06-03,LIDR,0.7020000219345093,0.7630000114440918,0.6819999814033508,0.753000020980835,175400
2025-06-03,ORBS,1.350000023841858,1.3899999856948853,1.3200000524520874,1.350000023841858,12200
2025-06-03,ORCL,166.8000030517578,169.3300018310547,166.58999633789062,169.13999938964844,7155300
2025-06-03,PLTR,133.07000732421875,135.27999877929688,130.10000610351562,133.1699981689453,91297700
2025-06-03,PLTU,60.88999938964844,62.900001525878906,58.20000076293945,60.900001525878906,3956700
2025-06-04,BULL,10.8100004196167,11.25,10.369999885559082,11.140000343322754,11368100
2025-06-04,LIDR,0.7699999809265137,0.7699999809265137,0.718999981880188,0.7570000290870667,155800
2025-06-04,ORBS,1.2899999618530273,1.399999976158142,1.2899999618530273,1.3600000143051147,24400
2025-06-04,ORCL,169.7100067138672,170.47999572753906,167.57000732421875,168.10000610351562,6375800
2025-06-04,PLTR,132.8000030517578,132.9499969482422,125.58000183105469,130.00999450683594,97306300
2025-06-04,PLTU,60.599998474121094,60.720001220703125,54.04999923706055,58.02000045776367,4392600
2025-06-05,BULL,11.329999923706055,11.390000343322754,10.319999694824219,10.420000076293945,11014800
2025-06-05,LIDR,0.7649999856948853,0.7900000214576721,0.7419999837875366,0.7480000257492065,271400
2025-06-05,ORBS,1.3899999856948853,1.3899999856948853,1.2940000295639038,1.3279999494552612,8300
2025-06-05,ORCL,169.0,172.25999450683594,168.75999450683594,171.13999938964844,7707800
2025-06-05,PLTR,129.27000427246094,132.85000610351562,118.93000030517578,119.91000366210938,131055900
2025-06-05,PLTU,57.4900016784668,60.599998474121094,48.220001220703125,49.060001373291016,7255600
2025-06-06,BULL,10.479999542236328,11.130000114440918,10.449999809265137,10.960000038146973,8455700
2025-06-06,LIDR,0.75,0.7950000166893005,0.7300000190734863,0.7680000066757202,334300
2025-06-06,ORBS,1.2999999523162842,1.3700000047683716,1.2999999523162842,1.350000023841858,14800
2025-06-06,ORCL,174.0,174.7899932861328,172.66000366210938,174.02000427246094,6833700
2025-06-06,PLTR,123.7300033569336,128.1300048828125,121.91999816894531,127.72000122070312,87175100
2025-06-06,PLTU,52.189998626708984,55.72800064086914,50.68000030517578,55.349998474121094,4510000
2025-06-09,BULL,11.03499984741211,11.03499984741211,10.550000190734863,10.710000038146973,6289300
2025-06-09,LIDR,0.7699999809265137,0.800000011920929,0.7409999966621399,0.7950000166893005,308300
2025-06-09,ORBS,1.3300000429153442,1.3700000047683716,1.309999942779541,1.3630000352859497,12700
2025-06-09,ORCL,174.86000061035156,178.72000122070312,173.7899932861328,177.14999389648438,9668900
2025-06-09,PLTR,127.07499694824219,132.22999572753906,124.80000305175781,132.05999755859375,74785600
2025-06-09,PLTU,54.709999084472656,59.2599983215332,52.90999984741211,59.04999923706055,3729200
2025-06-10,BULL,11.319999694824219,11.734000205993652,10.699999809265137,10.850000381469727,15346500
2025-06-10,LIDR,0.8009999990463257,0.8799999952316284,0.7799999713897705,0.8629999756813049,1026100
2025-06-10,ORBS,1.3600000143051147,1.3600000143051147,1.2999999523162842,1.340000033378601,24000
2025-06-10,ORCL,177.7100067138672,177.85000610351562,174.27999877929688,177.47999572753906,11056700
2025-06-10,PLTR,131.02000427246094,134.07000732421875,129.41000366210938,132.80999755859375,69308900
2025-06-10,PLTU,58.32500076293945,60.880001068115234,56.7599983215332,59.7599983215332,3286200
2025-06-11,BULL,10.819999694824219,11.369999885559082,10.760000228881836,10.90999984741211,6983700
2025-06-11,LIDR,0.8899999856948853,0.8899999856948853,0.8100000023841858,0.8389999866485596,475800
2025-06-11,ORBS,1.340000033378601,1.350000023841858,1.2200000286102295,1.309999942779541,18200
2025-06-11,ORCL,177.5500030517578,179.5500030517578,176.1999969482422,176.3800048828125,18002900
2025-06-11,PLTR,133.9199981689453,140.0,132.99000549316406,136.38999938964844,97366000
2025-06-11,PLTU,60.709999084472656,65.51000213623047,59.9379997253418,62.939998626708984,3819000
2025-06-12,BULL,10.789999961853027,10.90999984741211,10.539999961853027,10.710000038146973,3946400
2025-06-12,LIDR,0.8399999737739563,0.8799999952316284,0.8199999928474426,0.859000027179718,264900
2025-06-12,ORBS,1.2899999618530273,1.2999999523162842,1.190000057220459,1.2599999904632568,26100
2025-06-12,ORCL,189.9600067138672,202.49000549316406,188.8800048828125,199.86000061035156,54610000
2025-06-12,PLTR,136.39999389648438,137.10000610351562,134.6300048828125,135.19000244140625,56248200
2025-06-12,PLTU,62.88999938964844,63.599998474121094,61.33000183105469,61.84000015258789,2116400
2025-06-13,BULL,10.470000267028809,10.699999809265137,10.180000305175781,10.390000343322754,5343200
2025-06-13,LIDR,0.8550000190734863,0.8579999804496765,0.7649999856948853,0.777999997138977,217100
2025-06-13,ORBS,1.2599999904632568,1.2599999904632568,1.1399999856948853,1.1579999923706055,25600
2025-06-13,ORCL,201.5800018310547,216.60000610351562,201.1999969482422,215.22000122070312,53707400
2025-06-13,PLTR,133.81500244140625,139.99000549316406,133.35000610351562,137.39999389648438,93519000
2025-06-13,PLTU,60.400001525878906,66.19999694824219,60.099998474121094,63.72999954223633,4472800
2025-06-16,BULL,10.369999885559082,10.770000457763672,10.239999771118164,10.6899995803833,5248000
2025-06-16,LIDR,0.7860000133514404,0.8370000123977661,0.7860000133514404,0.8230000138282776,258700
2025-06-16,ORBS,1.2000000476837158,1.2319999933242798,1.159999966621399,1.2300000190734863,13500
2025-06-16,ORCL,213.1999969482422,215.1699981689453,209.97999572753906,211.10000610351562,22665300
2025-06-16,PLTR,140.02999877929688,144.86000061035156,139.81199645996094,141.41000366210938,80779800
2025-06-16,PLTU,66.38999938964844,70.7699966430664,66.0999984741211,67.5199966430664,3762800
2025-06-17,BULL,10.5,10.725000381469727,10.369999885559082,10.380000114440918,2544500
2025-06-17,LIDR,0.8299999833106995,0.8700000047683716,0.7799999713897705,0.800000011920929,484000
2025-06-17,ORBS,1.2300000190734863,1.2410000562667847,1.1399999856948853,1.159999966621399,3900
2025-06-17,ORCL,210.66000366210938,215.8800048828125,207.47999572753906,208.17999267578125,17819200
2025-06-17,PLTR,141.48500061035156,141.69000244140625,136.0800018310547,138.1999969482422,70479100
2025-06-17,PLTU,67.61499786376953,67.80000305175781,62.459999084472656,64.54000091552734,3198900
2025-06-18,BULL,10.350000381469727,10.989999771118164,10.270000457763672,10.765000343322754,5083300
2025-06-18,LIDR,0.800000011920929,0.8820000290870667,0.800000011920929,0.8560000061988831,377200
2025-06-18,ORBS,1.1699999570846558,1.2209999561309814,1.1399999856948853,1.1699999570846558,8200
2025-06-18,ORCL,211.08999633789062,214.72000122070312,209.57000732421875,210.8699951171875,15055400
2025-06-18,PLTR,139.0399932861328,140.36000061035156,137.49000549316406,139.9600067138672,58260200
2025-06-18,PLTU,65.30000305175781,66.5,63.79499816894531,66.05999755859375,2893300
2025-06-20,BULL,10.925000190734863,10.930000305175781,10.550000190734863,10.600000381469727,4279100
2025-06-20,LIDR,0.8399999737739563,0.8560000061988831,0.8050000071525574,0.8050000071525574,324800
2025-06-20,ORBS,1.1699999570846558,1.1699999570846558,1.1100000143051147,1.1100000143051147,15900
2025-06-20,ORCL,213.35000610351562,213.8000030517578,204.63999938964844,205.1699981689453,20879100
2025-06-20,PLTR,140.69000244140625,142.24000549316406,136.74200439453125,137.3000030517578,87067000
2025-06-20,PLTU,66.83999633789062,68.13999938964844,63.0,63.689998626708984,2767300
2025-06-23,BULL,10.529999732971191,10.66100025177002,10.260000228881836,10.420000076293945,3835300
2025-06-23,LIDR,0.8119999766349792,0.8370000123977661,0.7120000123977661,0.7400000095367432,754900
2025-06-23,ORBS,1.1100000143051147,1.1100000143051147,1.0499999523162842,1.0700000524520874,27700
2025-06-23,ORCL,205.50999450683594,207.27000427246094,202.5399932861328,207.0399932861328,13418400
2025-06-23,PLTR,138.89999389648438,142.14999389648438,135.9600067138672,139.9199981689453,70501100
2025-06-23,PLTU,64.93000030517578,67.93000030517578,62.2859992980957,65.87999725341797,3412700
2025-06-24,BULL,10.569999694824219,11.420000076293945,10.539999961853027,11.199999809265137,8766700
2025-06-24,LIDR,0.7400000095367432,0.8019999861717224,0.7329999804496765,0.7839999794960022,269200
2025-06-24,ORBS,1.0800000429153442,1.1200000047683716,1.0800000429153442,1.1200000047683716,5700
2025-06-24,ORCL,209.99000549316406,216.3699951171875,208.5500030517578,215.27000427246094,19030600
2025-06-24,PLTR,140.97999572753906,143.66000366210938,137.8000030517578,143.22999572753906,58574200
2025-06-24,PLTU,66.5,69.05899810791016,63.630001068115234,68.5999984741211,2103500
2025-06-25,BULL,11.699999809265137,11.75,10.770000457763672,10.920000076293945,9011200
2025-06-25,LIDR,0.8199999928474426,0.8320000171661377,0.7670000195503235,0.7979999780654907,228000
2025-06-25,ORBS,1.1100000143051147,1.1799999475479126,1.1100000143051147,1.1699999570846558,4800
2025-06-25,ORCL,214.94000244140625,216.92999267578125,210.22999572753906,210.72000122070312,11804600
2025-06-25,PLTR,144.49000549316406,147.6699981689453,141.52999877929688,142.89999389648438,61435300
2025-06-25,PLTU,69.98999786376953,72.9000015258789,67.12000274658203,68.33999633789062,2631700
2025-06-26,BULL,10.819999694824219,11.479999542236328,10.8100004196167,11.3100004196167,6325500
2025-06-26,LIDR,0.7799999713897705,0.9900000095367432,0.75,0.9599999785423279,3002700
2025-06-26,ORBS,1.1699999570846558,1.215000033378601,1.159999966621399,1.2100000381469727,5200
2025-06-26,ORCL,212.0,214.4199981689453,210.36000061035156,212.82000732421875,10531100
2025-06-26,PLTR,144.85000610351562,148.21499633789062,142.91000366210938,144.25,69440500
2025-06-26,PLTU,70.4000015258789,73.4000015258789,68.4000015258789,69.66000366210938,2723900
2025-06-27,BULL,11.270000457763672,11.510000228881836,10.720000267028809,10.829999923706055,7349200
2025-06-27,LIDR,0.9900000095367432,1.0299999713897705,0.8799999952316284,0.8949999809265137,1954800
2025-06-27,ORBS,1.2300000190734863,1.2300000190734863,1.1699999570846558,1.2000000476837158,6500
2025-06-27,ORCL,213.69000244140625,214.64999389648438,209.9600067138672,210.24000549316406,14127500
2025-06-27,PLTR,144.8699951171875,144.97000122070312,130.5399932861328,130.74000549316406,202598600
2025-06-27,PLTU,70.19000244140625,70.2300033569336,56.5,56.63999938964844,7709900
2025-06-30,BULL,10.869999885559082,12.0600004196167,10.819999694824219,11.960000038146973,15903900
2025-06-30,LIDR,1.1100000143051147,1.2300000190734863,1.0,1.0299999713897705,19965200
2025-06-30,ORBS,1.2100000381469727,1.25,1.2000000476837158,1.2400000095367432,8300
2025-06-30,ORCL,226.5,228.22000122070312,218.3800048828125,218.6300048828125,31844200
2025-06-30,PLTR,137.7899932861328,138.875,134.8000030517578,136.32000732421875,97305600
2025-06-30,PLTU,62.63999938964844,63.54999923706055,60.064998626708984,61.41999816894531,4578200
2025-07-01,BULL,12.404999732971191,12.90999984741211,12.029999732971191,12.5600004196167,22134300
2025-07-01,LIDR,0.9990000128746033,1.0299999713897705,0.9200000166893005,0.9779999852180481,1702300
2025-07-01,ORBS,1.2400000095367432,1.2400000095367432,1.1660000085830688,1.215000033378601,6600
2025-07-01,ORCL,219.3000030517578,223.1699981689453,216.30999755859375,218.9600067138672,16962200
2025-07-01,PLTR,135.27000427246094,136.32000732421875,128.50999450683594,130.67999267578125,91479700
2025-07-01,PLTU,60.39500045776367,61.28099822998047,54.36000061035156,56.29999923706055,4858000
2025-07-02,BULL,12.529999732971191,14.300000190734863,12.3100004196167,14.010000228881836,26586100
2025-07-02,LIDR,0.9399999976158142,0.9980000257492065,0.9200000166893005,0.9610000252723694,807600
2025-07-02,ORBS,1.25,1.25,1.190000057220459,1.2100000381469727,16400
2025-07-02,ORCL,217.67999267578125,231.89999389648438,216.72000122070312,229.97999572753906,22326900
2025-07-02,PLTR,131.47000122070312,133.60000610351562,130.19000244140625,132.1199951171875,59732000
2025-07-02,PLTU,56.959999084472656,58.70000076293945,55.810001373291016,57.47999954223633,3326500
2025-07-03,BULL,14.600000381469727,15.149999618530273,13.920000076293945,14.300000190734863,28799800
2025-07-03,LIDR,0.9700000286102295,1.0800000429153442,0.9610000252723694,1.059999942779541,1437000
2025-07-03,ORBS,1.1799999475479126,1.1799999475479126,1.149999976158142,1.1799999475479126,7100
2025-07-03,ORCL,233.22000122070312,237.99000549316406,231.1999969482422,237.32000732421875,18441400
2025-07-03,PLTR,134.36000061035156,135.6199951171875,132.50999450683594,134.36000061035156,41812500
2025-07-03,PLTU,59.5,60.45000076293945,57.79999923706055,59.34000015258789,2224100
2025-07-07,BULL,12.65999984741211,12.960000038146973,11.90999984741211,12.720000267028809,18198700
2025-07-07,LIDR,1.0700000524520874,1.0800000429153442,0.9900000095367432,1.0099999904632568,732600
2025-07-07,ORBS,1.159999966621399,1.1799999475479126,1.1100000143051147,1.1699999570846558,3600
2025-07-07,ORCL,235.11000061035156,235.25,229.5,232.25999450683594,16584300
2025-07-07,PLTR,134.3800048828125,139.2899932861328,132.32000732421875,139.1199951171875,71959700
2025-07-07,PLTU,59.27000045776367,63.68000030517578,57.53200149536133,63.5099983215332,5270000
2025-07-08,BULL,12.774999618530273,13.220000267028809,12.510000228881836,12.845000267028809,9593200
2025-07-08,LIDR,1.0099999904632568,1.1699999570846558,1.0099999904632568,1.159999966621399,2057500
2025-07-08,ORBS,1.1699999570846558,1.2300000190734863,1.1699999570846558,1.2100000381469727,11200
2025-07-08,ORCL,237.1300048828125,241.44000244140625,233.19000244140625,234.5,20401800
2025-07-08,PLTR,138.77499389648438,139.85499572753906,135.7899932861328,139.7100067138672,59834800
2025-07-08,PLTU,63.290000915527344,64.16000366210938,60.5,64.02999877929688,4791600
2025-07-09,BULL,12.880000114440918,13.5,12.300000190734863,13.229999542236328,14144000
2025-07-09,LIDR,1.2000000476837158,1.2999999523162842,1.1100000143051147,1.1799999475479126,2793200
2025-07-09,ORBS,1.190999984741211,1.2200000286102295,1.190000057220459,1.2200000286102295,6000
2025-07-09,ORCL,235.50999450683594,236.50999450683594,232.0,235.80999755859375,10871600
2025-07-09,PLTR,139.65499877929688,143.1699981689453,137.38999938964844,143.1300048828125,68494800
2025-07-09,PLTU,64.0199966430664,67.16999816894531,61.87900161743164,67.08999633789062,5912500
2025-07-10,BULL,13.210000038146973,13.399999618530273,12.729999542236328,12.8100004196167,8023300
2025-07-10,LIDR,1.2400000095367432,1.2400000095367432,1.1200000047683716,1.1399999856948853,1215500
2025-07-10,ORBS,1.190000057220459,1.2200000286102295,1.190000057220459,1.2000000476837158,4400
2025-07-10,ORCL,239.94000244140625,240.05999755859375,233.5,235.0,11486300
2025-07-10,PLTR,143.30999755859375,145.16000366210938,139.52999877929688,142.5,64383900
2025-07-10,PLTU,67.3550033569336,69.01000213623047,63.79999923706055,66.55999755859375,4552500
2025-07-11,BULL,12.59000015258789,12.739999771118164,12.369999885559082,12.479999542236328,6202900
2025-07-11,LIDR,1.1100000143051147,1.1699999570846558,1.100000023841858,1.1299999952316284,1024300
2025-07-11,ORBS,1.2200000286102295,1.2489999532699585,1.2009999752044678,1.2400000095367432,42800
2025-07-11,ORCL,231.3699951171875,234.0,229.8699951171875,230.55999755859375,10208200
2025-07-11,PLTR,142.11000061035156,144.5800018310547,141.47000122070312,142.10000610351562,52134800
2025-07-11,PLTU,66.20999908447266,68.42500305175781,65.88999938964844,66.13999938964844,3423300
2025-07-14,BULL,12.380000114440918,13.130000114440918,12.34000015258789,12.8100004196167,6621400
2025-07-14,LIDR,1.1299999952316284,1.1699999570846558,1.0499999523162842,1.0499999523162842,1240600
2025-07-14,ORBS,1.2999999523162842,1.4500000476837158,1.100000023841858,1.4500000476837158,166100
2025-07-14,ORCL,229.4499969482422,230.63999938964844,225.1199951171875,229.27999877929688,11337000
2025-07-14,PLTR,142.72000122070312,149.5749969482422,142.22000122070312,149.14999389648438,81774400
2025-07-14,PLTU,66.83999633789062,73.05000305175781,66.19999694824219,72.66000366210938,5419000
2025-07-15,BULL,12.84000015258789,12.920000076293945,12.100000381469727,12.130000114440918,8639900
2025-07-15,LIDR,1.059999942779541,1.100000023841858,0.9679999947547913,0.9710000157356262,1504900
2025-07-15,ORBS,1.3600000143051147,1.4900000095367432,1.3600000143051147,1.4299999475479126,90800
2025-07-15,ORCL,232.41000366210938,235.60000610351562,229.1999969482422,234.9600067138672,10728800
2025-07-15,PLTR,148.92999267578125,150.6199951171875,147.36000061035156,148.5800018310547,59126200
2025-07-15,PLTU,72.43000030517578,74.06999969482422,70.95999908447266,72.04000091552734,2418200
2025-07-16,BULL,12.180000305175781,12.949999809265137,11.949999809265137,12.899999618530273,10089100
2025-07-16,LIDR,0.9890000224113464,1.065000057220459,0.9890000224113464,1.059999942779541,705400
2025-07-16,ORBS,1.4700000286102295,1.4700000286102295,1.059999942779541,1.2699999809265137,147900
2025-07-16,ORCL,235.5,241.3300018310547,233.19000244140625,241.3000030517578,12597500
2025-07-16,PLTR,149.3000030517578,151.50999450683594,147.6739959716797,150.91000366210938,57550300
2025-07-16,PLTU,72.73999786376953,74.91000366210938,71.23999786376953,74.33999633789062,3187000
2025-07-17,BULL,13.399999618530273,14.520000457763672,12.920000076293945,14.430000305175781,26412400
2025-07-17,LIDR,1.0700000524520874,1.2300000190734863,1.0199999809265137,1.2200000286102295,1868700
2025-07-17,ORBS,1.309999942779541,1.3899999856948853,1.2599999904632568,1.3600000143051147,37100
2025-07-17,ORCL,243.33999633789062,251.60000610351562,242.00999450683594,248.75,17631300
2025-07-17,PLTR,151.55999755859375,155.67999267578125,150.82000732421875,153.99000549316406,60165500
2025-07-17,PLTU,75.0199966430664,79.02999877929688,74.23999786376953,77.36000061035156,2537500
2025-07-18,BULL,14.649999618530273,17.219999313354492,14.380999565124512,16.889999389648438,55291000
2025-07-18,LIDR,1.1799999475479126,1.190000057220459,1.1200000047683716,1.1299999952316284,1032200
2025-07-18,ORBS,1.3600000143051147,1.375,1.309999942779541,1.3200000524520874,12100
2025-07-18,ORCL,248.5,249.67999267578125,245.0,245.4499969482422,9678100
2025-07-18,PLTR,154.86000061035156,154.9199981689453,151.89999389648438,153.52000427246094,45771600
2025-07-18,PLTU,78.0,78.10700225830078,75.23999786376953,76.86000061035156,3614200
2025-07-21,BULL,15.4350004196167,16.600000381469727,14.574999809265137,14.619999885559082,30819900
2025-07-21,LIDR,1.125,1.2000000476837158,1.100000023841858,1.1100000143051147,1481600
2025-07-21,ORBS,1.2999999523162842,1.7200000286102295,1.2999999523162842,1.3799999952316284,309300
2025-07-21,ORCL,245.30999755859375,246.8000030517578,243.24000549316406,243.5399932861328,7348400
2025-07-21,PLTR,153.8800048828125,155.44000244140625,151.36000061035156,151.7899932861328,45072800
2025-07-21,PLTU,77.19999694824219,78.75,74.69999694824219,75.08000183105469,2861000
2025-07-22,BULL,14.720000267028809,17.049999237060547,14.350000381469727,16.969999313354492,27656700
2025-07-22,LIDR,1.100000023841858,1.100000023841858,1.0199999809265137,1.090000033378601,599900
2025-07-22,ORBS,1.2999999523162842,1.3799999952316284,1.2000000476837158,1.2699999809265137,87100
2025-07-22,ORCL,241.97999572753906,242.2899932861328,235.41000366210938,238.11000061035156,11380900
2025-07-22,PLTR,150.85000610351562,151.7899932861328,145.06199645996094,149.07000732421875,49880800
2025-07-22,PLTU,74.125,75.06999969482422,68.43000030517578,72.41999816894531,2257800
2025-07-23,BULL,17.200000762939453,17.90999984741211,16.290000915527344,17.739999771118164,29467700
2025-07-23,LIDR,1.0800000429153442,1.149999976158142,1.0609999895095825,1.1299999952316284,1000100
2025-07-23,ORBS,1.2999999523162842,1.590000033378601,1.2999999523162842,1.5399999618530273,107300
2025-07-23,ORCL,239.9499969482422,243.4199981689453,238.66000366210938,241.89999389648438,7255800
2025-07-23,PLTR,149.74000549316406,155.0,148.28700256347656,154.6300048828125,48062000
2025-07-23,PLTU,73.19999694824219,77.75,71.68699645996094,77.68000030517578,2178600
2025-07-24,BULL,17.739999771118164,18.31999969482422,15.90999984741211,16.09000015258789,22451500
2025-07-24,LIDR,4.03000020980835,4.800000190734863,2.6710000038146973,2.9200000762939453,362801600
2025-07-24,ORBS,1.5199999809265137,1.5199999809265137,1.399999976158142,1.4299999475479126,7686900
2025-07-24,ORCL,242.41000366210938,244.0800018310547,240.55999755859375,242.8300018310547,8237900
2025-07-24,PLTR,153.97999572753906,155.6300048828125,152.5749969482422,154.86000061035156,38925700
2025-07-24,PLTU,77.16000366210938,78.69000244140625,75.68000030517578,77.9000015258789,2079000
2025-07-25,BULL,15.854999542236328,16.649999618530273,15.319999694824219,16.045000076293945,16633100
2025-07-25,LIDR,3.4600000381469727,5.360000133514404,3.3299999237060547,4.434999942779541,331585800
2025-07-25,ORBS,1.9149999618530273,2.740000009536743,1.7300000190734863,2.4600000381469727,57539100
2025-07-25,ORCL,242.33999633789062,245.47000122070312,241.42999267578125,245.1199951171875,7149600
2025-07-25,PLTR,155.6300048828125,160.38999938964844,155.5800018310547,158.8000030517578,57972300
2025-07-25,PLTU,78.76499938964844,83.44999694824219,78.70999908447266,81.91999816894531,2154500
2025-07-28,BULL,16.149999618530273,16.34000015258789,15.399999618530273,15.720000267028809,12227300
2025-07-28,LIDR,5.340000152587891,6.440000057220459,3.799999952316284,4.050000190734863,157165700
2025-07-28,ORBS,2.0199999809265137,2.1600000858306885,1.8200000524520874,1.8200000524520874,1429400
2025-07-28,ORCL,246.0,247.77999877929688,243.4199981689453,247.7100067138672,6756800
2025-07-28,PLTR,159.8800048828125,160.27999877929688,153.0399932861328,157.8800048828125,63886900
2025-07-28,PLTU,82.9000015258789,83.28500366210938,76.01000213623047,80.87999725341797,3439200
2025-07-29,BULL,15.25,15.479999542236328,13.649999618530273,13.6899995803833,23938700
2025-07-29,LIDR,4.070000171661377,4.25,3.4000000953674316,3.4000000953674316,30076600
2025-07-29,ORBS,1.7699999809265137,1.7699999809265137,1.5199999809265137,1.5199999809265137,347400
2025-07-29,ORCL,248.6999969482422,253.07000732421875,246.58999633789062,249.97999572753906,8415300
2025-07-29,PLTR,158.71499633789062,160.13999938964844,154.91000366210938,156.24000549316406,42427200
2025-07-29,PLTU,81.87999725341797,83.19999694824219,77.83999633789062,79.25,1475700
2025-07-30,BULL,13.869999885559082,14.289999961853027,13.699999809265137,13.949999809265137,13740800
2025-07-30,LIDR,3.25,4.065000057220459,3.1500000953674316,3.509999990463257,30620400
2025-07-30,ORBS,1.5,1.6890000104904175,1.5,1.5700000524520874,269000
2025-07-30,ORCL,248.63999938964844,251.0500030517578,245.60000610351562,250.60000610351562,8441400
2025-07-30,PLTR,157.36500549316406,159.3800048828125,156.55999755859375,158.61000061035156,40261700
2025-07-30,PLTU,80.19999694824219,82.37999725341797,79.51000213623047,81.6500015258789,1777900
2025-07-31,BULL,13.890000343322754,14.40999984741211,13.619999885559082,14.1899995803833,13428500
2025-07-31,LIDR,3.809999942779541,3.890000104904175,3.380000114440918,3.609999895095825,27390400
2025-07-31,ORBS,1.6399999856948853,1.6399999856948853,1.4500000476837158,1.4500000476837158,114300
2025-07-31,ORCL,255.77000427246094,260.8699951171875,253.32000732421875,253.77000427246094,15548700
2025-07-31,PLTR,159.99000549316406,160.88999938964844,156.72999572753906,158.35000610351562,45342600
2025-07-31,PLTU,83.01000213623047,83.86000061035156,79.68000030517578,81.29000091552734,1686100
2025-08-01,BULL,13.46500015258789,13.699999809265137,13.050000190734863,13.329999923706055,12452900
2025-08-01,LIDR,3.180000066757202,3.2690000534057617,2.7899999618530273,2.880000114440918,12687900
2025-08-01,ORBS,1.5,1.6399999856948853,1.440000057220459,1.5800000429153442,218700
2025-08-01,ORCL,247.8300018310547,248.41000366210938,242.0,244.4199981689453,12718200
2025-08-01,PLTR,155.0500030517578,158.19000244140625,151.05799865722656,154.27000427246094,61287000
2025-08-01,PLTU,77.87000274658203,81.05000305175781,73.75599670410156,77.05000305175781,2079800
2025-08-04,BULL,13.4399995803833,14.430000305175781,13.380000114440918,14.289999961853027,10601300
2025-08-04,LIDR,2.930000066757202,2.9700000286102295,2.4000000953674316,2.509999990463257,9894500
2025-08-04,ORBS,1.590000033378601,1.590000033378601,1.4900000095367432,1.4900000095367432,70400
2025-08-04,ORCL,245.89999389648438,252.91000366210938,245.89999389648438,252.52999877929688,8614800
2025-08-04,PLTR,158.52999877929688,161.39999389648438,157.92999267578125,160.66000366210938,82993600
2025-08-04,PLTU,81.41000366210938,83.98999786376953,80.69999694824219,83.44000244140625,3491600
2025-08-05,BULL,14.319999694824219,15.248000144958496,14.263999938964844,14.84000015258789,11258700
2025-08-05,LIDR,2.8949999809265137,3.1600000858306885,2.619999885559082,2.6700000762939453,29926900
2025-08-05,ORBS,1.4700000286102295,1.4800000190734863,1.371999979019165,1.4500000476837158,178400
2025-08-05,ORCL,255.41000366210938,258.489990234375,251.3699951171875,255.6699981689453,11197300
2025-08-05,PLTR,171.80999755859375,176.3300018310547,169.22000122070312,173.27000427246094,130917500
2025-08-05,PLTU,95.05000305175781,99.52999877929688,92.30000305175781,96.45999908447266,4858600
2025-08-06,BULL,14.774999618530273,16.141000747680664,14.720000267028809,15.40999984741211,16892400
2025-08-06,LIDR,2.640000104904175,2.6600000858306885,2.4100000858306885,2.4200000762939453,4977300
2025-08-06,ORBS,1.4500000476837158,1.5490000247955322,1.440000057220459,1.4700000286102295,80700
2025-08-06,ORCL,256.8399963378906,256.8399963378906,251.72000122070312,256.42999267578125,9930200
2025-08-06,PLTR,171.1750030517578,180.58099365234375,171.00999450683594,179.5399932861328,82924800
2025-08-06,PLTU,94.11000061035156,104.5,93.93499755859375,103.48999786376953,2442600
2025-08-07,BULL,15.729999542236328,15.899999618530273,15.0600004196167,15.319999694824219,11120100
2025-08-07,LIDR,2.444999933242798,2.890000104904175,2.4110000133514404,2.8399999141693115,7149800
2025-08-07,ORBS,1.440000057220459,1.5299999713897705,1.440000057220459,1.4800000190734863,28700
2025-08-07,ORCL,257.7099914550781,257.760009765625,246.52000427246094,249.38999938964844,11954200
2025-08-07,PLTR,181.00999450683594,184.47999572753906,178.1699981689453,182.1999969482422,77829200
2025-08-07,PLTU,105.19999694824219,109.05000305175781,101.81500244140625,106.4800033569336,2161400
2025-08-08,BULL,15.380000114440918,15.729999542236328,14.760000228881836,15.0,9188900
2025-08-08,LIDR,2.809999942779541,3.1600000858306885,2.7300000190734863,2.799999952316284,8141600
2025-08-08,ORBS,1.4800000190734863,1.5119999647140503,1.4329999685287476,1.4800000190734863,31400
2025-08-08,ORCL,250.02999877929688,250.88999938964844,247.86000061035156,250.0500030517578,8313300
2025-08-08,PLTR,184.73500061035156,187.99000549316406,184.41000366210938,186.9600067138672,62657900
2025-08-08,PLTU,109.13999938964844,113.01000213623047,108.95999908447266,111.94999694824219,1623300
2025-08-11,BULL,15.25,16.40999984741211,14.854999542236328,14.880000114440918,16746200
2025-08-11,LIDR,2.6700000762939453,3.009999990463257,2.5999999046325684,2.809999942779541,5736000
2025-08-11,ORBS,1.5099999904632568,1.5299999713897705,1.4700000286102295,1.4700000286102295,35200
2025-08-11,ORCL,248.39999389648438,254.69000244140625,245.55999755859375,252.67999267578125,9012100
2025-08-11,PLTR,186.47000122070312,187.17999267578125,181.9199981689453,182.67999267578125,56125600
2025-08-11,PLTU,111.0199966430664,111.94999694824219,105.87999725341797,106.76000213623047,2079500
2025-08-12,BULL,15.1850004196167,15.861000061035156,15.050000190734863,15.630000114440918,9583500
2025-08-12,LIDR,2.7950000762939453,3.2200000286102295,2.759999990463257,3.180000066757202,10083400
2025-08-12,ORBS,1.4900000095367432,1.5299999713897705,1.4500000476837158,1.5199999809265137,26500
2025-08-12,ORCL,252.5800018310547,257.8699951171875,251.0800018310547,253.86000061035156,9998400
2025-08-12,PLTR,184.6999969482422,190.0,182.10000610351562,186.97000122070312,54819000
2025-08-12,PLTU,109.11499786376953,113.05000305175781,106.07499694824219,111.62000274658203,2286000
2025-08-13,BULL,15.670000076293945,16.049999237060547,15.0,15.015000343322754,10899700
2025-08-13,LIDR,3.0899999141693115,3.140000104904175,2.7200000286102295,2.7300000190734863,6208200
2025-08-13,ORBS,1.5700000524520874,1.6200000047683716,1.5299999713897705,1.590000033378601,81100
2025-08-13,ORCL,257.1700134277344,257.6700134277344,242.63999938964844,244.17999267578125,14182100
2025-08-13,PLTR,189.0,189.4600067138672,183.58999633789062,184.3699951171875,53610000
2025-08-13,PLTU,114.0999984741211,114.66000366210938,107.76000213623047,108.5999984741211,1561600
2025-08-14,BULL,14.829999923706055,15.850000381469727,14.670000076293945,15.449999809265137,10043800
2025-08-14,LIDR,2.619999885559082,2.7200000286102295,2.559999942779541,2.619999885559082,3913100
2025-08-14,ORBS,1.590000033378601,1.63100004196167,1.5149999856948853,1.6100000143051147,25600
2025-08-14,ORCL,244.9499969482422,248.9199981689453,242.57000732421875,244.9600067138672,10285600
2025-08-14,PLTR,182.41000366210938,185.3300018310547,179.1999969482422,181.02000427246094,53472900
2025-08-14,PLTU,106.12999725341797,109.6989974975586,102.55999755859375,104.63999938964844,1255900
2025-08-15,BULL,15.630000114440918,16.1299991607666,15.050000190734863,16.0049991607666,12045700
2025-08-15,LIDR,2.569999933242798,2.700000047683716,2.4800000190734863,2.5399999618530273,3518800
2025-08-15,ORBS,1.5499999523162842,1.600000023841858,1.5199999809265137,1.5700000524520874,31600
2025-08-15,ORCL,246.9199981689453,250.6300048828125,242.92999267578125,248.27999877929688,11554000
2025-08-15,PLTR,179.72500610351562,180.0,173.3800048828125,177.1699981689453,60288700
2025-08-15,PLTU,102.91000366210938,103.2699966430664,95.68000030517578,100.06999969482422,1563500
2025-08-18,BULL,16.29400062561035,17.079999923706055,15.552000045776367,15.970000267028809,17611900
2025-08-18,LIDR,2.5299999713897705,2.630000114440918,2.430000066757202,2.5999999046325684,11210800
2025-08-18,ORBS,1.5299999713897705,1.590000033378601,1.5199999809265137,1.5399999618530273,37700
2025-08-18,ORCL,246.1999969482422,249.16000366210938,243.6199951171875,249.07000732421875,6759900
2025-08-18,PLTR,175.27000427246094,177.89999389648438,171.38999938964844,174.02999877929688,62656600
2025-08-18,PLTU,97.63999938964844,100.77300262451172,93.52400207519531,96.5199966430664,1624900
2025-08-19,BULL,16.0,16.31999969482422,14.930000305175781,14.930000305175781,12213000
2025-08-19,LIDR,2.990000009536743,2.990000009536743,2.484999895095825,2.490000009536743,16381200
2025-08-19,ORBS,1.5700000524520874,1.5700000524520874,1.5,1.5099999904632568,23200
2025-08-19,ORCL,249.25,249.25,232.22999572753906,234.6199951171875,16819300
2025-08-19,PLTR,171.36000061035156,172.3000030517578,156.89999389648438,157.75,137922700
2025-08-19,PLTU,93.4000015258789,94.5199966430664,77.5199966430664,78.45999908447266,5126800
2025-08-20,BULL,14.850000381469727,14.869999885559082,14.048999786376953,14.34000015258789,11356800
2025-08-20,LIDR,2.4700000286102295,2.7200000286102295,2.369999885559082,2.6600000858306885,7319800
2025-08-20,ORBS,1.5299999713897705,1.5299999713897705,1.3300000429153442,1.4199999570846558,69100
2025-08-20,ORCL,232.17999267578125,235.8800048828125,228.25,235.05999755859375,11256400
2025-08-20,PLTR,152.3000030517578,156.4600067138672,142.33999633789062,156.00999450683594,220336400
2025-08-20,PLTU,72.86000061035156,77.0999984741211,63.11000061035156,76.6500015258789,10027500
2025-08-21,BULL,14.170000076293945,14.460000038146973,13.90999984741211,14.270000457763672,4886800
2025-08-21,LIDR,2.549999952316284,2.765000104904175,2.549999952316284,2.7200000286102295,3231400
2025-08-21,ORBS,1.3799999952316284,1.4199999570846558,1.3600000143051147,1.3799999952316284,34100
2025-08-21,ORCL,233.0500030517578,235.9199981689453,232.42999267578125,233.16000366210938,7403100
2025-08-21,PLTR,157.1699981689453,157.97000122070312,153.80999755859375,156.17999267578125,94678600
2025-08-21,PLTU,77.86000061035156,79.2300033569336,74.41999816894531,76.73999786376953,4013200
2025-08-22,BULL,14.010000228881836,15.515000343322754,13.8100004196167,15.40999984741211,11011100
2025-08-22,LIDR,2.6700000762939453,2.805000066757202,2.5999999046325684,2.7300000190734863,4536400
2025-08-22,ORBS,1.3799999952316284,1.5199999809265137,1.375,1.5199999809265137,37500
2025-08-22,ORCL,234.05999755859375,238.5,231.4600067138672,236.3699951171875,9343600
2025-08-22,PLTR,155.31500244140625,163.1999969482422,151.77000427246094,158.74000549316406,102099200
2025-08-22,PLTU,75.94000244140625,83.61000061035156,73.76699829101562,79.20999908447266,5407600
2025-08-25,BULL,15.369999885559082,15.640000343322754,14.930000305175781,14.960000038146973,8236300
2025-08-25,LIDR,2.9100000858306885,3.440000057220459,2.880000114440918,3.2799999713897705,17063900
2025-08-25,ORBS,1.5199999809265137,1.5499999523162842,1.4700000286102295,1.5499999523162842,17100
2025-08-25,ORCL,237.35000610351562,239.02999877929688,235.27000427246094,235.41000366210938,6308600
2025-08-25,PLTR,156.10000610351562,158.58999633789062,149.3699951171875,157.1699981689453,86879800
2025-08-25,PLTU,76.58999633789062,79.05999755859375,69.9000015258789,77.58999633789062,3767400
2025-08-26,BULL,15.0,15.300000190734863,14.75,15.0,6689100
2025-08-26,LIDR,3.0899999141693115,3.490000009536743,3.0840001106262207,3.2899999618530273,6394600
2025-08-26,ORBS,1.559999942779541,1.559999942779541,1.5,1.5049999952316284,14000
2025-08-26,ORCL,235.0,236.91000366210938,232.7100067138672,234.2100067138672,11805200
2025-08-26,PLTR,155.38999938964844,162.1300048828125,154.57000732421875,160.8699951171875,86573700
2025-08-26,PLTU,75.7699966430664,82.44999694824219,75.06099700927734,81.16000366210938,2841400
2025-08-27,BULL,14.880000114440918,14.960000038146973,14.350000381469727,14.4399995803833,7928300
2025-08-27,LIDR,3.2899999618530273,3.2899999618530273,2.924999952316284,3.0199999809265137,6120300
2025-08-27,ORBS,1.5,1.5299999713897705,1.4819999933242798,1.4900000095367432,19100
2025-08-27,ORCL,235.0,236.52999877929688,232.67999267578125,235.80999755859375,5637600
2025-08-27,PLTR,162.32000732421875,162.39999389648438,155.97999572753906,156.72000122070312,76380600
2025-08-27,PLTU,82.7300033569336,82.7300033569336,76.31999969482422,77.06999969482422,3137000
2025-08-28,BULL,14.595000267028809,14.75,14.279999732971191,14.670000076293945,13873400
2025-08-28,LIDR,3.0299999713897705,3.130000114440918,2.9000000953674316,2.930000066757202,2632900
2025-08-28,ORBS,1.4800000190734863,1.5800000429153442,1.4800000190734863,1.5700000524520874,36800
2025-08-28,ORCL,235.5399932861328,241.9499969482422,235.1199951171875,240.32000732421875,8691500
2025-08-28,PLTR,157.6300048828125,158.22999572753906,152.5500030517578,158.1199951171875,57885200
2025-08-28,PLTU,77.91000366210938,78.44999694824219,73.51000213623047,78.30999755859375,2555000
2025-08-29,BULL,14.890000343322754,14.90999984741211,13.539999961853027,13.59000015258789,20429800
2025-08-29,LIDR,2.9000000953674316,2.9110000133514404,2.740000009536743,2.819999933242798,3212800
2025-08-29,ORBS,1.5299999713897705,1.5299999713897705,1.4800000190734863,1.5099999904632568,11100
2025-08-29,ORCL,237.61000061035156,238.22000122070312,223.11000061035156,226.1300048828125,16618600
2025-08-29,PLTR,156.97999572753906,158.4199981689453,153.0,156.7100067138672,45270500
2025-08-29,PLTU,77.19999694824219,78.51000213623047,74.5,76.8499984741211,1402500
2025-09-02,BULL,13.149999618530273,13.5600004196167,12.760000228881836,13.449999809265137,11005200
2025-09-02,LIDR,2.7100000381469727,2.8499999046325684,2.6500000953674316,2.7899999618530273,1746800
2025-09-02,ORBS,1.4800000190734863,1.4900000095367432,1.350000023841858,1.4600000381469727,44400
2025-09-02,ORCL,222.0,225.4499969482422,218.7899932861328,225.3000030517578,10461900
2025-09-02,PLTR,151.1999969482422,158.38999938964844,150.27999877929688,157.08999633789062,65435000
2025-09-02,PLTU,71.37000274658203,78.47699737548828,70.5999984741211,77.19999694824219,2339500
2025-09-03,BULL,13.600000381469727,13.649999618530273,12.864999771118164,13.010000228881836,8491800
2025-09-03,LIDR,2.880000114440918,3.0299999713897705,2.799999952316284,2.859999895095825,3124600
2025-09-03,ORBS,1.4299999475479126,1.5099999904632568,1.3700000047683716,1.5,34300
2025-09-03,ORCL,225.89999389648438,225.89999389648438,221.75,223.4499969482422,8900800
2025-09-03,PLTR,158.0,161.14999389648438,152.7100067138672,154.89999389648438,66052300
2025-09-03,PLTU,78.0,81.18000030517578,73.80999755859375,75.05999755859375,2753000
2025-09-04,BULL,13.039999961853027,13.4399995803833,12.9399995803833,13.279999732971191,7763200
2025-09-04,LIDR,2.8299999237060547,2.8459999561309814,2.7300000190734863,2.799999952316284,1786200
2025-09-04,ORBS,1.4800000190734863,1.4800000190734863,1.3899999856948853,1.4500000476837158,26100
2025-09-04,ORCL,222.0,223.57000732421875,219.55999755859375,223.0,10303100
2025-09-04,PLTR,154.86500549316406,157.0399932861328,153.16000366210938,156.13999938964844,53292300
2025-09-04,PLTU,75.05999755859375,77.0999984741211,73.38600158691406,76.22000122070312,2150200
2025-09-05,BULL,13.260000228881836,13.350000381469727,12.5600004196167,12.930000305175781,9822800
2025-09-05,LIDR,2.7699999809265137,2.869999885559082,2.6700000762939453,2.809999942779541,2063000
2025-09-05,ORBS,1.5,1.5,1.4140000343322754,1.4500000476837158,13500
2025-09-05,ORCL,232.5500030517578,234.6199951171875,225.88999938964844,232.8000030517578,15386100
2025-09-05,PLTR,157.82000732421875,158.97000122070312,148.0399932861328,153.11000061035156,81855900
2025-09-05,PLTU,78.05999755859375,78.90699768066406,68.30000305175781,73.2300033569336,3861000
2025-09-08,BULL,12.829999923706055,13.609999656677246,12.829999923706055,13.390000343322754,8202000
2025-09-08,LIDR,2.890000104904175,3.2200000286102295,2.869999885559082,2.880000114440918,8145200
2025-09-08,ORBS,18.860000610351562,83.12000274658203,15.520000457763672,45.08000183105469,204842400
2025-09-08,ORCL,239.88999938964844,242.4199981689453,235.30999755859375,238.47999572753906,18803000
2025-09-08,PLTR,154.91000366210938,158.3000030517578,154.83999633789062,156.10000610351562,47643000
2025-09-08,PLTU,75.0,78.11000061035156,74.9800033569336,75.97000122070312,1718200
2025-09-09,BULL,13.380000114440918,13.5600004196167,13.260000228881836,13.539999961853027,4924400
2025-09-09,LIDR,2.9200000762939453,3.0,2.819999933242798,2.890000104904175,2687300
2025-09-09,ORBS,46.17499923706055,49.470001220703125,32.529998779296875,40.16999816894531,19337300
2025-09-09,ORCL,239.94000244140625,243.49000549316406,234.55999755859375,241.50999450683594,41178700
2025-09-09,PLTR,157.25,162.75,156.3699951171875,162.36000061035156,61359500
2025-09-09,PLTU,77.12999725341797,82.4800033569336,76.30999755859375,82.04000091552734,2215400
2025-09-10,BULL,13.569999694824219,13.96500015258789,12.984999656677246,13.0,8300100
2025-09-10,LIDR,2.7699999809265137,2.7799999713897705,2.630000114440918,2.6600000858306885,4961600
2025-09-10,ORBS,37.709999084472656,38.939998626708984,23.954999923706055,24.110000610351562,6761300
2025-09-10,ORCL,319.19000244140625,345.7200012207031,312.0899963378906,328.3299865722656,131618100
2025-09-10,PLTR,166.0,169.0,163.44000244140625,166.74000549316406,62211400
2025-09-10,PLTU,85.79000091552734,88.33000183105469,83.20999908447266,86.44000244140625,2735900
2025-09-11,BULL,13.0600004196167,13.640000343322754,13.0600004196167,13.600000381469727,5892400
2025-09-11,LIDR,2.6600000858306885,2.700000047683716,2.559999942779541,2.6500000953674316,4157200
2025-09-11,ORBS,19.5,19.790000915527344,14.0,14.5,33634600
2025-09-11,ORCL,330.3399963378906,331.0,304.6000061035156,307.8599853515625,69986000
2025-09-11,PLTR,167.24000549316406,167.45799255371094,163.22000122070312,164.36000061035156,42025500
2025-09-11,PLTU,87.02999877929688,87.02999877929688,82.86000061035156,84.05999755859375,1750900
2025-09-12,BULL,13.744999885559082,13.920000076293945,13.140000343322754,13.350000381469727,12174500
2025-09-12,LIDR,2.6600000858306885,2.75,2.5899999141693115,2.6700000762939453,2831900
2025-09-12,ORBS,15.925000190734863,19.290000915527344,14.800000190734863,15.619999885559082,7857400
2025-09-12,ORCL,305.7900085449219,307.9700012207031,291.75,292.17999267578125,51781900
2025-09-12,PLTR,165.35000610351562,171.52999877929688,164.00999450683594,171.42999267578125,54498500
2025-09-12,PLTU,85.02999877929688,91.27999877929688,83.66000366210938,91.16000366210938,2246300
2025-09-15,BULL,13.395000457763672,13.550000190734863,13.0600004196167,13.149999618530273,6508200
2025-09-15,LIDR,2.700000047683716,2.740000009536743,2.630000114440918,2.700000047683716,2429600
2025-09-15,ORBS,15.125,15.229999542236328,11.760000228881836,12.020000457763672,3889500
2025-09-15,ORCL,306.45001220703125,307.0299987792969,297.2900085449219,302.1400146484375,40004000
2025-09-15,PLTR,169.60000610351562,171.8000030517578,167.41000366210938,171.2100067138672,45396100
2025-09-15,PLTU,89.33000183105469,91.0,86.91999816894531,90.87000274658203,1736300
2025-09-16,BULL,13.149999618530273,13.220000267028809,12.6899995803833,13.050000190734863,7452400
2025-09-16,LIDR,2.690000057220459,2.7300000190734863,2.5399999618530273,2.5999999046325684,3297600
2025-09-16,ORBS,12.359999656677246,12.399999618530273,10.91100025177002,11.399999618530273,3872900
2025-09-16,ORCL,314.05999755859375,319.9700012207031,302.2699890136719,306.6499938964844,51923300
2025-09-16,PLTR,171.0399932861328,171.30999755859375,168.9600067138672,170.25999450683594,34598700
2025-09-16,PLTU,90.73999786376953,90.9000015258789,88.61100006103516,89.7699966430664,941900
2025-09-17,BULL,12.979999542236328,13.07699966430664,12.539999961853027,12.609999656677246,8956500
2025-09-17,LIDR,2.569999933242798,2.690000057220459,2.5399999618530273,2.569999933242798,2312100
2025-09-17,ORBS,11.489999771118164,11.489999771118164,10.449999809265137,10.859999656677246,2772600
2025-09-17,ORCL,307.69000244140625,308.6600036621094,295.0299987792969,301.4100036621094,27707900
2025-09-17,PLTR,169.02000427246094,169.67999267578125,161.27000427246094,168.3300018310547,69255500
2025-09-17,PLTU,88.55000305175781,89.19999694824219,80.43399810791016,87.87000274658203,2594200
2025-09-18,BULL,12.760000228881836,12.975000381469727,12.569999694824219,12.739999771118164,14517300
2025-09-18,LIDR,2.5999999046325684,2.7300000190734863,2.5999999046325684,2.7100000381469727,2555300
2025-09-18,ORBS,11.0,15.960000038146973,11.0,12.550000190734863,15602600
2025-09-18,ORCL,303.0400085449219,303.82000732421875,292.0,296.6199951171875,24673100
2025-09-18,PLTR,170.27000427246094,178.8000030517578,169.38999938964844,176.97000122070312,70768600
2025-09-18,PLTU,90.0,98.23400115966797,88.98999786376953,96.66000366210938,2549200
2025-09-19,BULL,12.774999618530273,13.470000267028809,12.65999984741211,13.289999961853027,15819500
2025-09-19,LIDR,2.7200000286102295,2.809999942779541,2.6500000953674316,2.6600000858306885,3176900
2025-09-19,ORBS,13.789999961853027,14.029999732971191,12.609999656677246,12.789999961853027,4041200
2025-09-19,ORCL,299.0,311.1099853515625,297.32000732421875,308.6600036621094,40776200
2025-09-19,PLTR,177.07000732421875,184.4199981689453,176.7100067138672,182.38999938964844,109129900
2025-09-19,PLTU,96.88999938964844,104.80000305175781,96.66000366210938,102.55999755859375,2219100
2025-09-22,BULL,13.28499984741211,14.34000015258789,13.154999732971191,14.100000381469727,19311000
2025-09-22,LIDR,2.640000104904175,2.690000057220459,2.5799999237060547,2.640000104904175,2614200
2025-09-22,ORBS,12.329999923706055,12.739999771118164,11.800000190734863,12.010000228881836,2025300
2025-09-22,ORCL,309.6300048828125,329.5,306.9200134277344,328.1499938964844,44437500
2025-09-22,PLTR,180.8800048828125,182.25,178.2899932861328,179.3300018310547,45916700
2025-09-22,PLTU,100.75,102.19000244140625,98.02999877929688,99.22000122070312,1603200
2025-09-23,BULL,14.300000190734863,14.609999656677246,13.720000267028809,14.0,21469400
2025-09-23,LIDR,2.5999999046325684,2.630000114440918,2.5,2.5199999809265137,3236300
2025-09-23,ORBS,12.0,13.859999656677246,11.210000038146973,13.050000190734863,2536100
2025-09-23,ORCL,324.0,325.0,310.04998779296875,313.8299865722656,35280200
2025-09-23,PLTR,182.50999450683594,185.75,177.00999450683594,182.5500030517578,62354800
2025-09-23,PLTU,102.48999786376953,105.86000061035156,96.23999786376953,102.41999816894531,2435100
2025-09-24,BULL,14.319999694824219,14.739999771118164,13.850000381469727,13.970000267028809,17293600
2025-09-24,LIDR,2.555000066757202,2.562999963760376,2.430000066757202,2.4800000190734863,2504600
2025-09-24,ORBS,13.289999961853027,14.609999656677246,12.51200008392334,13.1899995803833,2818100
2025-09-24,ORCL,311.8599853515625,312.4700012207031,300.0299987792969,308.4599914550781,33765300
2025-09-24,PLTR,183.91000366210938,184.85000610351562,177.1199951171875,179.55999755859375,45379700
2025-09-24,PLTU,104.0,104.77999877929688,96.27999877929688,99.05000305175781,1516600
2025-09-25,BULL,13.664999961853027,14.8100004196167,13.3100004196167,14.640000343322754,24529100
2025-09-25,LIDR,2.4200000762939453,2.5299999713897705,2.309999942779541,2.390000104904175,3906200
2025-09-25,ORBS,12.470000267028809,12.84000015258789,11.960000038146973,12.130000114440918,1454300
2025-09-25,ORCL,295.2699890136719,298.75,288.54998779296875,291.3299865722656,39274900
2025-09-25,PLTR,175.8000030517578,184.32000732421875,174.2899932861328,179.1199951171875,72321200
2025-09-25,PLTU,94.87000274658203,104.11499786376953,93.20099639892578,98.4800033569336,2296300
2025-09-26,BULL,15.220000267028809,15.40999984741211,14.3100004196167,15.15999984741211,35582800
2025-09-26,LIDR,2.4000000953674316,2.4200000762939453,2.2899999618530273,2.359999895095825,1703300
2025-09-26,ORBS,11.699999809265137,12.100000381469727,11.300000190734863,11.489999771118164,1239200
2025-09-26,ORCL,293.0,294.0,283.0,283.4599914550781,25990700
2025-09-26,PLTR,179.0500030517578,180.1199951171875,174.91000366210938,177.57000732421875,44275800
2025-09-26,PLTU,98.32499694824219,99.4000015258789,93.81300354003906,96.61000061035156,1052900
2025-09-29,BULL,15.369999885559082,15.760000228881836,14.850000381469727,15.550000190734863,26153700
2025-09-29,LIDR,2.369999885559082,2.3949999809265137,2.309999942779541,2.3499999046325684,1305900
2025-09-29,ORBS,11.90999984741211,12.055000305175781,11.0,11.220000267028809,1379700
2025-09-29,ORCL,284.6000061035156,285.9800109863281,279.6099853515625,282.760009765625,25778500
2025-09-29,PLTR,179.63999938964844,181.47999572753906,177.16000366210938,178.86000061035156,38413800
2025-09-29,PLTU,99.08999633789062,100.94000244140625,96.26000213623047,98.12000274658203,1082100
2025-09-30,BULL,15.350000381469727,16.040000915527344,14.619999885559082,14.789999961853027,20902900
2025-09-30,LIDR,2.319999933242798,2.5,2.299999952316284,2.490000009536743,2465600
2025-09-30,ORBS,11.0,11.0,9.0,9.149999618530273,3605800
2025-09-30,ORCL,283.69000244140625,284.0,275.8999938964844,281.239990234375,23880800
2025-09-30,PLTR,178.97999572753906,182.77000427246094,178.22000122070312,182.4199981689453,43561700
2025-09-30,PLTU,98.11000061035156,102.322998046875,97.43000030517578,101.8499984741211,1217700
2025-10-01,BULL,14.699999809265137,14.75,14.069999694824219,14.109999656677246,24986500
2025-10-01,LIDR,2.450000047683716,2.450000047683716,2.299999952316284,2.319999933242798,2794400
2025-10-01,ORBS,9.300000190734863,9.390000343322754,8.0,8.100000381469727,3405300
2025-10-01,ORCL,278.79998779296875,289.989990234375,277.8800048828125,289.010009765625,23378300
2025-10-01,PLTR,181.32000732421875,186.27999877929688,179.5,184.9499969482422,45717300
2025-10-01,PLTU,100.61000061035156,106.18800354003906,98.7699966430664,104.61000061035156,1521300
2025-10-02,BULL,14.3100004196167,14.505000114440918,13.970000267028809,14.380000114440918,21269400
2025-10-02,LIDR,2.3299999237060547,2.5199999809265137,2.309999942779541,2.4200000762939453,2771800
2025-10-02,ORBS,8.270000457763672,9.5,7.800000190734863,8.449999809265137,4347200
2025-10-02,ORCL,291.79998779296875,294.9700012207031,286.04998779296875,288.7799987792969,16215500
2025-10-02,PLTR,186.6999969482422,188.1999969482422,182.9499969482422,187.0500030517578,39849200
2025-10-02,PLTU,106.91999816894531,108.44599914550781,102.51000213623047,107.01000213623047,1317100
2025-10-03,BULL,14.609999656677246,15.039999961853027,14.140000343322754,14.1899995803833,23840800
2025-10-03,LIDR,2.4700000286102295,2.619999885559082,2.430000066757202,2.549999952316284,3115600
2025-10-03,ORBS,8.5,8.729999542236328,8.126999855041504,8.239999771118164,2101800
2025-10-03,ORCL,289.6000061035156,294.6400146484375,284.0,286.1400146484375,13688400
2025-10-03,PLTR,186.39999389648438,186.83999633789062,170.77000427246094,173.07000732421875,105533400
2025-10-03,PLTU,106.47000122070312,106.76000213623047,88.47899627685547,91.18000030517578,6071200
2025-10-06,BULL,14.25,14.505000114440918,13.649999618530273,13.710000038146973,34278800
2025-10-06,LIDR,2.630000114440918,2.8499999046325684,2.559999942779541,2.8399999141693115,6304600
2025-10-06,ORBS,8.720000267028809,11.270000457763672,8.489999771118164,11.069999694824219,7979800
2025-10-06,ORCL,292.3800048828125,296.67999267578125,290.79998779296875,291.5899963378906,14076800
2025-10-06,PLTR,179.17999267578125,182.9499969482422,177.8300018310547,179.52999877929688,52504200
2025-10-06,PLTU,97.5,101.38999938964844,96.0,97.55999755859375,2812300
2025-10-07,BULL,13.619999885559082,13.640000343322754,12.789999961853027,12.800000190734863,35818900
2025-10-07,LIDR,3.25,3.2799999713897705,2.809999942779541,2.9200000762939453,19987500
2025-10-07,ORBS,12.180000305175781,12.949999809265137,11.149999618530273,11.3100004196167,8749500
2025-10-07,ORCL,293.2200012207031,293.2200012207031,271.0,284.239990234375,31723400
2025-10-07,PLTR,180.30999755859375,186.17999267578125,179.4199981689453,182.1699981689453,58179300
2025-10-07,PLTU,98.55000305175781,104.95999908447266,97.68000030517578,100.58999633789062,2436100
2025-10-08,BULL,12.1850004196167,12.6899995803833,11.40999984741211,12.65999984741211,164694400
2025-10-08,LIDR,2.9200000762939453,3.2200000286102295,2.9149999618530273,3.0799999237060547,10378100
2025-10-08,ORBS,12.0,12.619999885559082,10.210000038146973,10.270000457763672,8093400
2025-10-08,ORCL,285.4200134277344,291.5299987792969,283.6000061035156,288.6300048828125,18982100
2025-10-08,PLTR,182.8000030517578,184.25999450683594,181.1999969482422,183.55999755859375,36299700
2025-10-08,PLTU,101.13999938964844,102.87100219726562,99.43000030517578,102.0199966430664,979200
2025-10-09,BULL,13.095000267028809,13.25,12.329999923706055,12.539999961853027,57002300
2025-10-09,LIDR,3.130000114440918,3.3959999084472656,2.990000009536743,3.3299999237060547,7987200
2025-10-09,ORBS,10.779999732971191,10.829999923706055,7.989999771118164,8.4399995803833,11022900
2025-10-09,ORCL,291.54998779296875,300.9700012207031,287.260009765625,296.9599914550781,26479800
2025-10-09,PLTR,183.5800018310547,187.6199951171875,179.9499969482422,185.47000122070312,45050300
2025-10-09,PLTU,102.19999694824219,106.51000213623047,98.08999633789062,104.22000122070312,1644900
2025-10-10,BULL,12.59000015258789,12.829999923706055,11.350000381469727,11.399999618530273,66756000
2025-10-10,LIDR,3.450000047683716,4.0,3.059999942779541,3.069999933242798,16412300
2025-10-10,ORBS,11.005000114440918,11.010000228881836,8.960000038146973,9.84000015258789,15741200
2025-10-10,ORCL,300.2799987792969,307.7200012207031,292.010009765625,292.9599914550781,28895300
2025-10-10,PLTR,185.1699981689453,187.10000610351562,173.52999877929688,175.44000244140625,55194000
2025-10-10,PLTU,103.83499908447266,105.93000030517578,92.69000244140625,92.91999816894531,2545900
2025-10-13,BULL,11.550000190734863,11.75,11.149999618530273,11.739999771118164,38748900
2025-10-13,LIDR,3.2799999713897705,3.3480000495910645,3.049999952316284,3.109999895095825,4413200
2025-10-13,ORBS,9.949999809265137,10.239999771118164,9.5,10.079999923706055,3138800
2025-10-13,ORCL,298.70001220703125,310.70001220703125,297.739990234375,308.010009765625,21703700
2025-10-13,PLTR,178.67999267578125,179.22000122070312,173.4499969482422,177.2100067138672,41332400
2025-10-13,PLTU,96.61499786376953,96.61499786376953,90.91000366210938,94.73999786376953,1573800
2025-10-14,BULL,11.479999542236328,11.930000305175781,11.050000190734863,11.729999542236328,30903300
2025-10-14,LIDR,3.0,3.549999952316284,2.930000066757202,3.3499999046325684,7072100
2025-10-14,ORBS,9.729999542236328,10.199999809265137,9.449999809265137,9.850000381469727,1752200
2025-10-14,ORCL,303.57000732421875,304.4200134277344,291.9800109863281,299.0,17346200
2025-10-14,PLTR,176.0,182.33999633789062,170.82000732421875,179.74000549316406,49261400
2025-10-14,PLTU,93.48999786376953,100.09700012207031,87.91000366210938,97.31999969482422,1873300
2025-10-15,BULL,11.835000038146973,11.979999542236328,11.430000305175781,11.609999656677246,27412700
2025-10-15,LIDR,3.505000114440918,3.619999885559082,3.075000047683716,3.1500000953674316,6028500
2025-10-15,ORBS,10.0,10.0,8.899999618530273,9.430000305175781,2339300
2025-10-15,ORCL,304.8999938964844,311.010009765625,298.9200134277344,303.6199951171875,13698900
2025-10-15,PLTR,181.65499877929688,184.35000610351562,176.02000427246094,179.6199951171875,37372100
2025-10-15,PLTU,99.43000030517578,102.25,93.39900207519531,97.27999877929688,1160400
2025-10-16,BULL,11.729999542236328,11.970000267028809,11.25100040435791,11.75,31361700
2025-10-16,LIDR,3.25,3.4100000858306885,2.8399999141693115,2.890000104904175,6579000
2025-10-16,ORBS,9.420000076293945,9.550000190734863,8.25,8.529999732971191,3619100
2025-10-16,ORCL,305.6000061035156,322.5400085449219,303.07000732421875,313.0,32500900
2025-10-16,PLTR,181.77999877929688,184.82000732421875,176.4499969482422,178.1199951171875,42870900
2025-10-16,PLTU,99.36000061035156,102.7300033569336,93.81999969482422,95.62999725341797,1500700
2025-10-17,BULL,11.399999618530273,11.515000343322754,11.0,11.010000228881836,28136000
2025-10-17,LIDR,2.869999885559082,2.930000066757202,2.75,2.8299999237060547,2431800
2025-10-17,ORBS,8.680000305175781,9.149999618530273,8.15999984741211,8.65999984741211,1983200
2025-10-17,ORCL,303.75,304.2799987792969,287.5,291.30999755859375,37653000
2025-10-17,PLTR,177.75,181.58999633789062,173.9499969482422,178.14999389648438,43421500
2025-10-17,PLTU,94.83000183105469,99.20999908447266,91.0999984741211,95.5999984741211,1455600
2025-10-20,BULL,11.045000076293945,11.5,10.869999885559082,11.479999542236328,22338800
2025-10-20,LIDR,2.8499999046325684,3.0,2.759999990463257,2.809999942779541,3083500
2025-10-20,ORBS,8.800000190734863,9.0,8.170999526977539,8.75,1593300
2025-10-20,ORCL,288.95001220703125,289.239990234375,275.30999755859375,277.17999267578125,32810700
2025-10-20,PLTR,179.49000549316406,183.08999633789062,177.44000244140625,181.58999633789062,31975800
2025-10-20,PLTU,96.9800033569336,100.74299621582031,94.81400299072266,99.11000061035156,1048400
2025-10-21,BULL,11.385000228881836,11.619999885559082,11.074999809265137,11.140000343322754,26235200
2025-10-21,LIDR,2.799999952316284,2.799999952316284,2.609999895095825,2.609999895095825,2260600
2025-10-21,ORBS,8.75,8.75,7.329999923706055,7.409999847412109,2865600
2025-10-21,ORCL,278.1099853515625,280.29998779296875,272.260009765625,275.1499938964844,18370800
2025-10-21,PLTR,182.05999755859375,182.38900756835938,178.64999389648438,181.50999450683594,27528100
2025-10-21,PLTU,99.55999755859375,99.98999786376953,96.0,99.0199966430664,820600
2025-10-22,BULL,11.0,11.079999923706055,10.539999961853027,10.829999923706055,26441200
2025-10-22,LIDR,2.509999990463257,2.5899999141693115,2.359999895095825,2.4600000381469727,4083700
2025-10-22,ORBS,7.059999942779541,7.127999782562256,6.090000152587891,6.28000020980835,3691600
2025-10-22,ORCL,274.82000732421875,277.20001220703125,269.25,272.6600036621094,16474000
2025-10-22,PLTR,181.92999267578125,182.2100067138672,169.4199981689453,175.49000549316406,58263100
2025-10-22,PLTU,99.4000015258789,99.88999938964844,86.0,92.55000305175781,2226500
2025-10-23,BULL,10.885000228881836,11.274999618530273,10.746999740600586,11.079999923706055,20399400
2025-10-23,LIDR,2.509999990463257,2.700000047683716,2.4749999046325684,2.700000047683716,2402600
2025-10-23,ORBS,6.369999885559082,6.699999809265137,5.789999961853027,6.579999923706055,3030400
2025-10-23,ORCL,272.9599914550781,283.1000061035156,272.3900146484375,280.07000732421875,16872200
2025-10-23,PLTR,175.44500732421875,181.55999755859375,175.00999450683594,180.47999572753906,35812300
2025-10-23,PLTU,92.44999694824219,98.81500244140625,91.87999725341797,97.6500015258789,1389900
2025-10-24,BULL,11.270000457763672,11.630000114440918,11.1899995803833,11.510000228881836,19093500
2025-10-24,LIDR,2.75,2.816999912261963,2.7049999237060547,2.7699999809265137,1721500
2025-10-24,ORBS,6.53000020980835,6.849999904632568,6.210000038146973,6.420000076293945,1593000
2025-10-24,ORCL,285.9200134277344,287.19000244140625,282.25,283.3299865722656,13194900
2025-10-24,PLTR,182.8800048828125,186.1699981689453,182.85000610351562,184.6300048828125,34813500
2025-10-24,PLTU,100.4800033569336,103.72000122070312,100.3499984741211,102.04000091552734,1331200
2025-10-27,BULL,11.739999771118164,11.970000267028809,11.539999961853027,11.569999694824219,18430900
2025-10-27,LIDR,2.8299999237060547,2.8299999237060547,2.700000047683716,2.740000009536743,1755700
2025-10-27,ORBS,6.53000020980835,7.179999828338623,6.150000095367432,6.420000076293945,2849500
2025-10-27,ORCL,286.57000732421875,287.0,279.80999755859375,281.3999938964844,13855800
2025-10-27,PLTR,188.97000122070312,192.8300018310547,187.52000427246094,189.17999267578125,47153100
2025-10-27,PLTU,107.08999633789062,111.11000061035156,105.4749984741211,107.02999877929688,1898200
2025-10-28,BULL,11.569999694824219,11.569999694824219,11.180000305175781,11.289999961853027,14060300
2025-10-28,LIDR,2.684999942779541,2.8299999237060547,2.609999895095825,2.6600000858306885,2713900
2025-10-28,ORBS,6.300000190734863,6.318999767303467,5.699999809265137,5.71999979019165,2124800
2025-10-28,ORCL,283.0,285.4599914550781,280.5400085449219,280.8299865722656,12448500
2025-10-28,PLTR,189.47999572753906,191.77999877929688,186.77999877929688,189.60000610351562,38201000
2025-10-28,PLTU,107.36000061035156,110.0250015258789,104.43000030517578,107.69000244140625,1306000
2025-10-29,BULL,11.229999542236328,11.300000190734863,10.831000328063965,10.960000038146973,13040900
2025-10-29,LIDR,2.6500000953674316,2.7249999046325684,2.549999952316284,2.619999885559082,2615100
2025-10-29,ORBS,5.75,5.760000228881836,5.159999847412109,5.309999942779541,2131100
2025-10-29,ORCL,281.4599914550781,281.6199951171875,271.3500061035156,275.29998779296875,18007100
2025-10-29,PLTR,191.0800018310547,199.85000610351562,190.49000549316406,198.80999755859375,65537300
2025-10-29,PLTU,109.37999725341797,119.12999725341797,108.63999938964844,117.92500305175781,2461200
2025-10-30,BULL,10.829999923706055,10.954999923706055,10.704999923706055,10.789999961853027,12757200
2025-10-30,LIDR,2.559999942779541,2.619999885559082,2.509999990463257,2.569999933242798,1398000
2025-10-30,ORBS,5.050000190734863,5.269999980926514,4.590000152587891,4.710000038146973,3111800
2025-10-30,ORCL,268.739990234375,269.760009765625,256.2799987792969,256.8900146484375,27954200
2025-10-30,PLTR,198.4250030517578,199.6699981689453,194.1199951171875,194.5500030517578,43541700
2025-10-30,PLTU,117.68000030517578,119.0,112.5,112.94999694824219,1221000
2025-10-31,BULL,10.890000343322754,11.050000190734863,10.699999809265137,10.819999694824219,13120900
2025-10-31,LIDR,2.569999933242798,2.690000057220459,2.549999952316284,2.6500000953674316,1455400
2025-10-31,ORBS,4.784999847412109,5.050000190734863,4.519999980926514,4.539999961853027,1686400
2025-10-31,ORCL,259.510009765625,265.80999755859375,256.7099914550781,262.6099853515625,16898700
2025-10-31,PLTR,199.1999969482422,204.17999267578125,197.9199981689453,200.47000122070312,52697600
2025-10-31,PLTU,118.52999877929688,124.0530014038086,116.87000274658203,119.69999694824219,1648900
2025-11-03,BULL,10.824999809265137,10.829999923706055,10.289999961853027,10.350000381469727,18804100
2025-11-03,LIDR,2.6700000762939453,2.683000087738037,2.375,2.4000000953674316,2485100
2025-11-03,ORBS,4.480000019073486,4.599999904632568,4.22599983215332,4.25,2893200
2025-11-03,ORCL,265.239990234375,265.6199951171875,255.22999572753906,257.8500061035156,15709200
2025-11-03,PLTR,205.0449981689453,207.52000427246094,201.82000732421875,207.17999267578125,81016800
2025-11-03,PLTU,125.20999908447266,128.03500366210938,121.4000015258789,128.00999450683594,2732800
2025-11-04,BULL,9.989999771118164,10.180000305175781,9.550000190734863,9.710000038146973,24629900
2025-11-04,LIDR,2.359999895095825,2.369999885559082,2.200000047683716,2.2300000190734863,2310100
2025-11-04,ORBS,4.039999961853027,4.579999923706055,4.039999961853027,4.300000190734863,2590500
2025-11-04,ORCL,249.97999572753906,255.27999877929688,245.19000244140625,248.1699981689453,19772600
2025-11-04,PLTR,192.07000732421875,195.6999969482422,185.55999755859375,190.74000549316406,121380900
2025-11-04,PLTU,109.0,113.5,101.12999725341797,107.33000183105469,4476800
2025-11-05,BULL,9.710000038146973,9.970000267028809,9.619999885559082,9.9399995803833,15677700
2025-11-05,LIDR,2.25,2.309999942779541,2.194999933242798,2.2300000190734863,1779800
2025-11-05,ORBS,4.25,4.650000095367432,4.159999847412109,4.440000057220459,2969500
2025-11-05,ORCL,247.91000366210938,252.39999389648438,247.02999877929688,250.30999755859375,11991500
2025-11-05,PLTR,189.0,190.32000732421875,181.2100067138672,187.89999389648438,76121000
2025-11-05,PLTU,105.36000061035156,106.63999938964844,96.91000366210938,104.0199966430664,2886200
2025-11-06,BULL,10.100000381469727,10.100000381469727,9.5600004196167,9.630000114440918,16595100
2025-11-06,LIDR,2.4000000953674316,2.5199999809265137,2.299999952316284,2.319999933242798,4564500
2025-11-06,ORBS,4.480000019073486,4.5,3.990000009536743,4.139999866485596,1647400
2025-11-06,ORCL,247.94000244140625,249.07000732421875,239.2899932861328,243.8000030517578,18678300
2025-11-06,PLTR,187.99000549316406,191.08999633789062,174.52999877929688,175.0500030517578,78468600
2025-11-06,PLTU,104.19000244140625,107.5999984741211,89.27899932861328,89.9000015258789,3447600
2025-11-07,BULL,9.390000343322754,9.649999618530273,9.180000305175781,9.640000343322754,17475000
2025-11-07,LIDR,2.1700000762939453,2.4149999618530273,2.109999895095825,2.4000000953674316,2544600
2025-11-07,ORBS,4.0,4.619999885559082,3.990000009536743,4.454999923706055,2596700
2025-11-07,ORCL,239.0,240.39999389648438,232.35000610351562,239.25999450683594,20969300
2025-11-07,PLTR,173.14999389648438,178.6999969482422,168.91000366210938,177.92999267578125,73989700
2025-11-07,PLTU,87.73999786376953,93.54000091552734,83.54000091552734,92.76000213623047,2864900
2025-11-10,BULL,9.899999618530273,9.949999809265137,9.569999694824219,9.710000038146973,11432200
2025-11-10,LIDR,2.4600000381469727,2.490000009536743,2.2799999713897705,2.4100000858306885,1334000
2025-11-10,ORBS,4.670000076293945,4.670000076293945,3.880000114440918,3.950000047683716,3349200
2025-11-10,ORCL,245.9499969482422,247.24000549316406,237.07000732421875,240.8300018310547,16698700
2025-11-10,PLTR,184.30999755859375,194.92999267578125,183.52000427246094,193.61000061035156,87764200
2025-11-10,PLTU,99.19000244140625,110.2300033569336,98.5999984741211,109.08000183105469,2707000
2025-11-11,BULL,9.640000343322754,9.6899995803833,9.461000442504883,9.520000457763672,9629400
2025-11-11,LIDR,2.380000114440918,2.4800000190734863,2.319999933242798,2.4700000286102295,988200
2025-11-11,ORBS,3.859999895095825,3.924999952316284,3.5799999237060547,3.5999999046325684,1690700
2025-11-11,ORCL,236.22999572753906,237.4499969482422,228.88999938964844,236.14999389648438,20686600
2025-11-11,PLTR,190.3350067138672,192.9250030517578,187.1300048828125,190.9600067138672,49819700
2025-11-11,PLTU,105.13999938964844,108.16999816894531,101.80000305175781,106.05999755859375,1666000
2025-11-12,BULL,9.539999961853027,9.850000381469727,9.520000457763672,9.770000457763672,9564200
2025-11-12,LIDR,2.440000057220459,2.4800000190734863,2.359999895095825,2.4800000190734863,958400
2025-11-12,ORBS,3.619999885559082,3.6689999103546143,3.2300000190734863,3.3499999046325684,2719800
2025-11-12,ORCL,236.74000549316406,236.80999755859375,226.1699981689453,226.99000549316406,24195000
2025-11-12,PLTR,190.5800018310547,190.5800018310547,180.39999389648438,184.1699981689453,55347100
2025-11-12,PLTU,105.47000122070312,105.47000122070312,94.3499984741211,98.51000213623047,2171200
2025-11-13,BULL,9.670000076293945,9.699999809265137,9.0,9.010000228881836,19577000
2025-11-13,LIDR,2.4700000286102295,2.640000104904175,2.390000104904175,2.430000066757202,2126400
2025-11-13,ORBS,3.25,3.380000114440918,2.700000047683716,2.819999933242798,5003300
2025-11-13,ORCL,224.99000549316406,225.16000366210938,215.22000122070312,217.57000732421875,30009000
2025-11-13,PLTR,181.71499633789062,182.6999969482422,170.7310028076172,172.13999938964844,63188800
2025-11-13,PLTU,95.61000061035156,96.77799987792969,84.19999694824219,85.61000061035156,2398200
2025-11-14,BULL,8.770000457763672,9.029000282287598,8.600000381469727,8.630000114440918,20782000
2025-11-14,LIDR,2.299999952316284,2.5299999713897705,2.25,2.3499999046325684,1857800
2025-11-14,ORBS,2.759999990463257,2.950000047683716,2.630000114440918,2.7049999237060547,2474900
2025-11-14,ORCL,210.8300018310547,227.0500030517578,210.77000427246094,222.85000610351562,36053800
2025-11-14,PLTR,166.97500610351562,177.2899932861328,164.5,174.00999450683594,62596800
2025-11-14,PLTU,80.45999908447266,90.5,77.9800033569336,87.30999755859375,2609200
2025-11-17,BULL,8.51200008392334,8.550000190734863,7.989999771118164,8.149999618530273,20314000
2025-11-17,LIDR,2.3299999237060547,2.505000114440918,2.2750000953674316,2.430000066757202,2752200
2025-11-17,ORBS,2.6500000953674316,3.1700000762939453,2.6500000953674316,2.930000066757202,4968300
2025-11-17,ORCL,218.2100067138672,222.8000030517578,215.55999755859375,219.86000061035156,16143800
2025-11-17,PLTR,170.52999877929688,174.24000549316406,167.67999267578125,171.25,50339000
2025-11-17,PLTU,83.82499694824219,87.44000244140625,80.08999633789062,84.44000244140625,1553600
2025-11-18,BULL,8.055000305175781,8.505000114440918,8.0,8.390000343322754,18839700
2025-11-18,LIDR,2.390000104904175,2.549999952316284,2.3450000286102295,2.490000009536743,1899400
2025-11-18,ORBS,2.7899999618530273,3.5199999809265137,2.6600000858306885,3.390000104904175,4783300
2025-11-18,ORCL,216.2100067138672,223.6999969482422,214.5,220.49000549316406,21098300
2025-11-18,PLTR,168.3699951171875,172.8300018310547,165.5,167.3300018310547,53710100
2025-11-18,PLTU,81.66999816894531,86.0,78.97000122070312,80.66000366210938,1377800
2025-11-19,BULL,8.449999809265137,8.479999542236328,8.020000457763672,8.220000267028809,20999100
2025-11-19,LIDR,2.4700000286102295,2.490000009536743,2.240000009536743,2.2699999809265137,1842400
2025-11-19,ORBS,3.299999952316284,3.5910000801086426,3.0399999618530273,3.390000104904175,3274400
2025-11-19,ORCL,219.05999755859375,228.14999389648438,217.30999755859375,225.52999877929688,21679500
2025-11-19,PLTR,167.8000030517578,169.60000610351562,162.4199981689453,165.4199981689453,46108200
2025-11-19,PLTU,81.12999725341797,82.7300033569336,75.93000030517578,78.73999786376953,1373200
2025-11-20,BULL,8.550000190734863,8.65999984741211,8.175000190734863,8.25,34907800
2025-11-20,LIDR,2.3399999141693115,2.5399999618530273,2.321000099182129,2.359999895095825,2903700
2025-11-20,ORBS,3.619999885559082,3.619999885559082,3.109999895095825,3.119999885559082,2821400
2025-11-20,ORCL,231.16000366210938,234.0,210.3000030517578,210.69000244140625,27459600
2025-11-20,PLTR,172.07000732421875,174.57000732421875,154.39500427246094,155.7449951171875,78443900
2025-11-20,PLTU,85.12000274658203,87.4000015258789,68.22000122070312,69.51000213623047,2548400
2025-11-21,BULL,8.260000228881836,8.484999656677246,7.570000171661377,8.289999961853027,35184400
2025-11-21,LIDR,2.359999895095825,2.5,2.2799999713897705,2.390000104904175,3163000
2025-11-21,ORBS,2.9700000286102295,3.0460000038146973,2.5999999046325684,2.75,2706000
2025-11-21,ORCL,207.0800018310547,208.30999755859375,193.5500030517578,198.75999450683594,44834100
2025-11-21,PLTR,156.00999450683594,158.11000061035156,147.55999755859375,154.85000610351562,71346400
2025-11-21,PLTU,69.94499969482422,71.44000244140625,62.119998931884766,68.5999984741211,2669200
2025-11-24,BULL,8.289999961853027,8.744999885559082,8.121000289916992,8.670000076293945,23656800
2025-11-24,LIDR,2.390000104904175,2.4600000381469727,2.3499999046325684,2.440000057220459,1321700
2025-11-24,ORBS,2.9000000953674316,2.9000000953674316,2.4800000190734863,2.6700000762939453,3624200
2025-11-24,ORCL,196.86000061035156,203.82000732421875,194.3000030517578,200.27999877929688,31144700
2025-11-24,PLTR,157.47000122070312,165.1699981689453,157.0,162.25,57877800
2025-11-24,PLTU,71.13999938964844,77.69999694824219,70.5,75.18000030517578,1414700
2025-11-25,BULL,8.619999885559082,8.729999542236328,8.380000114440918,8.699999809265137,15382600
2025-11-25,LIDR,2.440000057220459,2.4700000286102295,2.3499999046325684,2.4700000286102295,1431200
2025-11-25,ORBS,2.6700000762939453,2.859999895095825,2.4000000953674316,2.430000066757202,3798000
2025-11-25,ORCL,194.0800018310547,199.41000366210938,185.6300048828125,197.02999877929688,29595000
2025-11-25,PLTR,160.07000732421875,164.64999389648438,156.55499267578125,163.5500030517578,36523500
2025-11-25,PLTU,73.11000061035156,77.25,69.8550033569336,76.30999755859375,977900
2025-11-26,BULL,9.350000381469727,9.399999618530273,9.069999694824219,9.260000228881836,29877000
2025-11-26,LIDR,2.440000057220459,2.5999999046325684,2.440000057220459,2.509999990463257,943300
2025-11-26,ORBS,2.4700000286102295,2.5999999046325684,2.390000104904175,2.490000009536743,2012600
2025-11-26,ORCL,209.5,210.0,202.24000549316406,204.9600067138672,26544100
2025-11-26,PLTR,166.85000610351562,168.33900451660156,163.8800048828125,165.77000427246094,34610500
2025-11-26,PLTU,79.44000244140625,80.69999694824219,76.62999725341797,78.26000213623047,1006100
2025-11-28,BULL,9.324999809265137,9.5,9.204999923706055,9.329999923706055,10098500
2025-11-28,LIDR,2.5299999713897705,2.690000057220459,2.5220000743865967,2.619999885559082,912000
2025-11-28,ORBS,2.700000047683716,2.7699999809265137,2.509999990463257,2.619999885559082,2256700
2025-11-28,ORCL,199.50999450683594,202.33999633789062,197.61000061035156,201.9499969482422,13848500
2025-11-28,PLTR,167.75999450683594,168.8000030517578,165.875,168.4499969482422,17199500
2025-11-28,PLTU,80.3499984741211,80.91000366210938,78.36000061035156,80.8499984741211,572200
2025-12-01,BULL,8.970000267028809,9.28499984741211,8.819999694824219,9.199999809265137,13696700
2025-12-01,LIDR,2.5399999618530273,2.565999984741211,2.430000066757202,2.440000057220459,1218500
2025-12-01,ORBS,2.549999952316284,2.6410000324249268,2.299999952316284,2.5899999141693115,2122400
2025-12-01,ORCL,200.5,203.5,196.6999969482422,200.94000244140625,13461200
2025-12-01,PLTR,165.0,169.10000610351562,163.1199951171875,167.49000549316406,27779600
2025-12-01,PLTU,77.07499694824219,81.31999969482422,75.79000091552734,79.79000091552734,752300
2025-12-02,BULL,9.210000038146973,9.420000076293945,8.970000267028809,9.0,14489300
2025-12-02,LIDR,2.4800000190734863,2.490000009536743,2.390000104904175,2.390000104904175,1161400
2025-12-02,ORBS,2.640000104904175,2.9800000190734863,2.640000104904175,2.819999933242798,3269400
2025-12-02,ORCL,205.13999938964844,209.6999969482422,200.0,201.10000610351562,19664500
2025-12-02,PLTR,169.58999633789062,175.75,169.58999633789062,170.69000244140625,35368000
2025-12-02,PLTU,81.98999786376953,87.5999984741211,81.98999786376953,82.7300033569336,1050800
2025-12-03,BULL,8.979999542236328,9.270000457763672,8.850000381469727,9.260000228881836,13139000
2025-12-03,LIDR,2.4000000953674316,2.630000114440918,2.390000104904175,2.619999885559082,1112800
2025-12-03,ORBS,2.799999952316284,2.799999952316284,2.5299999713897705,2.6600000858306885,2094400
2025-12-03,ORCL,200.3300018310547,207.9199981689453,199.39999389648438,207.72999572753906,19060500
2025-12-03,PLTR,170.13999938964844,177.91000366210938,168.8300018310547,176.0800018310547,30541600
2025-12-03,PLTU,82.05000305175781,88.25,81.11000061035156,88.02999877929688,879600
2025-12-04,BULL,9.244999885559082,9.680000305175781,9.220000267028809,9.619999885559082,17520500
2025-12-04,LIDR,2.619999885559082,2.7799999713897705,2.609999895095825,2.7200000286102295,1397300
2025-12-04,ORBS,2.5799999237060547,2.8299999237060547,2.509999990463257,2.799999952316284,2232400
2025-12-04,ORCL,207.86000061035156,215.41000366210938,206.32000732421875,214.3300018310547,23316900
2025-12-04,PLTR,176.36500549316406,178.44000244140625,174.42999267578125,177.9199981689453,29217800
2025-12-04,PLTU,88.33999633789062,90.31999969482422,86.30999755859375,89.88999938964844,763900
2025-12-05,BULL,9.579999923706055,9.621000289916992,9.359999656677246,9.470000267028809,12475400
2025-12-05,LIDR,2.740000009536743,2.7899999618530273,2.630000114440918,2.640000104904175,1333400
2025-12-05,ORBS,2.7799999713897705,2.7950000762939453,2.5399999618530273,2.5999999046325684,1706200
2025-12-05,ORCL,219.0,219.5,213.6199951171875,217.5800018310547,24208700
2025-12-05,PLTR,178.22999572753906,182.1529998779297,177.16000366210938,181.75999450683594,32079300
2025-12-05,PLTU,89.93000030517578,94.00499725341797,89.08000183105469,93.58000183105469,808100
2025-12-08,BULL,9.550000190734863,9.84000015258789,9.449999809265137,9.710000038146973,11931700
2025-12-08,LIDR,2.680000066757202,2.700000047683716,2.569999933242798,2.619999885559082,571500
2025-12-08,ORBS,2.6600000858306885,2.700000047683716,2.380000114440918,2.569999933242798,4070000
2025-12-08,ORCL,221.35000610351562,224.75,216.91000366210938,220.5399932861328,24711200
2025-12-08,PLTR,182.2100067138672,183.8800048828125,179.5399932861328,181.49000549316406,30456700
2025-12-08,PLTU,94.02999877929688,95.72899627685547,91.37999725341797,93.3499984741211,747900
2025-12-09,BULL,9.619999885559082,10.369999885559082,9.5,10.25,21419000
2025-12-09,LIDR,2.619999885559082,2.7100000381469727,2.569999933242798,2.6700000762939453,634700
2025-12-09,ORBS,2.5199999809265137,2.8949999809265137,2.438999891281128,2.859999895095825,4355100
2025-12-09,ORCL,220.02999877929688,222.6199951171875,218.27999877929688,221.52999877929688,17643600
2025-12-09,PLTR,180.97000122070312,182.85000610351562,180.3800048828125,181.83999633789062,18937600
2025-12-09,PLTU,93.0,94.68000030517578,92.25,93.62000274658203,602700
2025-12-10,BULL,10.149999618530273,10.319999694824219,9.9399995803833,10.029999732971191,12688900
2025-12-10,LIDR,2.6700000762939453,2.7100000381469727,2.569999933242798,2.619999885559082,1062500
2025-12-10,ORBS,2.7799999713897705,3.2300000190734863,2.559999942779541,2.9000000953674316,3772200
2025-12-10,ORCL,221.8000030517578,225.32000732421875,217.5800018310547,223.00999450683594,47928000
2025-12-10,PLTR,184.9499969482422,190.38999938964844,182.75,187.91000366210938,59398000
2025-12-10,PLTU,80.98500061035156,86.62999725341797,78.87000274658203,84.12999725341797,2027200
2025-12-11,BULL,9.850000381469727,9.9399995803833,9.6850004196167,9.729999542236328,12033000
2025-12-11,LIDR,2.4700000286102295,2.619999885559082,2.299999952316284,2.4600000381469727,2777800
2025-12-11,ORBS,2.7699999809265137,2.9100000858306885,2.5999999046325684,2.869999885559082,2816400
2025-12-11,ORCL,190.6199951171875,201.99000549316406,186.22999572753906,198.85000610351562,100612700
2025-12-11,PLTR,184.8000030517578,188.0500030517578,180.2100067138672,187.5399932861328,36843200
2025-12-11,PLTU,81.15499877929688,84.16000366210938,77.23999786376953,83.7300033569336,1203500
2025-12-12,BULL,9.729999542236328,9.984999656677246,9.140000343322754,9.15999984741211,11995200
2025-12-12,LIDR,2.490000009536743,2.5199999809265137,2.359999895095825,2.359999895095825,973200
2025-12-12,ORBS,2.869999885559082,2.930000066757202,2.734999895095825,2.740000009536743,1427100
2025-12-12,ORCL,196.3699951171875,197.85000610351562,185.97999572753906,189.97000122070312,55201600
2025-12-12,PLTR,185.80999755859375,186.52499389648438,177.66700744628906,183.57000732421875,42427400
2025-12-12,PLTU,82.0199966430664,82.09400177001953,75.0,80.1449966430664,1401500
2025-12-15,BULL,9.180000305175781,9.25,8.574999809265137,8.619999885559082,14474900
2025-12-15,LIDR,2.380000114440918,2.390000104904175,2.200000047683716,2.2300000190734863,2085000
2025-12-15,ORBS,2.740000009536743,2.740000009536743,2.450000047683716,2.5,3254200
2025-12-15,ORCL,188.2899932861328,188.97000122070312,181.39999389648438,184.9199981689453,43897500
2025-12-15,PLTR,185.0800018310547,187.77999877929688,180.02999877929688,183.25,32796100
2025-12-15,PLTU,81.5,83.70999908447266,79.75,79.80000305175781,910600
2025-12-16,BULL,8.600000381469727,8.78499984741211,8.460000038146973,8.5600004196167,9784000
2025-12-16,LIDR,2.200000047683716,2.259999990463257,2.180000066757202,2.259999990463257,1618400
2025-12-16,ORBS,2.450000047683716,2.7300000190734863,2.450000047683716,2.4600000381469727,2107800
2025-12-16,ORCL,184.6999969482422,189.8000030517578,184.49000549316406,188.64999389648438,32433500
2025-12-16,PLTR,181.65499877929688,188.5,181.14199829101562,187.75,42070300
2025-12-16,PLTU,78.33000183105469,84.5,78.0199966430664,83.7300033569336,1148300
2025-12-17,BULL,8.5600004196167,8.800000190734863,8.329999923706055,8.369999885559082,13447800
2025-12-17,LIDR,2.2699999809265137,2.299999952316284,2.130000114440918,2.1700000762939453,1935000
2025-12-17,ORBS,2.490000009536743,2.575000047683716,2.2899999618530273,2.359999895095825,1726700
2025-12-17,ORCL,183.30999755859375,186.5,177.07000732421875,178.4600067138672,50222000
2025-12-17,PLTR,187.71499633789062,187.75,176.5,177.2899932861328,50424700
2025-12-17,PLTU,83.72000122070312,83.72000122070312,74.04000091552734,74.44999694824219,1537200
2025-12-18,BULL,8.46500015258789,8.680000305175781,8.260000228881836,8.289999961853027,12629600
2025-12-18,LIDR,2.180000066757202,2.3350000381469727,2.1700000762939453,2.259999990463257,1912000
2025-12-18,ORBS,2.4000000953674316,2.5,2.2899999618530273,2.3299999237060547,1808200
2025-12-18,ORCL,182.72000122070312,184.75999450683594,178.5800018310547,180.02999877929688,36297300
2025-12-18,PLTR,181.50999450683594,187.3300018310547,181.50999450683594,185.69000244140625,40221500
2025-12-18,PLTU,78.04000091552734,82.75,78.0,81.33000183105469,1063000
2025-12-19,BULL,8.390000343322754,8.640000343322754,8.329999923706055,8.569999694824219,49560900
2025-12-19,LIDR,2.25,2.3399999141693115,2.2249999046325684,2.3399999141693115,3006200
2025-12-19,ORBS,2.4000000953674316,2.5250000953674316,2.2799999713897705,2.299999952316284,8973000
2025-12-19,ORCL,188.38999938964844,195.1199951171875,188.1199951171875,191.97000122070312,77008600
2025-12-19,PLTR,186.74000549316406,195.0,186.72999572753906,193.3800048828125,76929400
2025-12-19,PLTU,82.375,89.5,82.375,88.0199966430664,1200800
2025-12-22,BULL,8.699999809265137,8.920000076293945,8.680000305175781,8.739999771118164,12001500
2025-12-22,LIDR,2.3499999046325684,2.4660000801086426,2.3499999046325684,2.369999885559082,1012700
2025-12-22,ORBS,2.390000104904175,2.390000104904175,2.130000114440918,2.1500000953674316,2409800
2025-12-22,ORCL,196.82000732421875,198.8000030517578,192.8300018310547,198.3800048828125,27148000
2025-12-22,PLTR,195.0399932861328,198.8800048828125,192.42999267578125,193.97999572753906,36686000
2025-12-22,PLTU,89.51000213623047,93.01000213623047,87.30000305175781,88.56999969482422,1138300
2025-12-23,BULL,8.630000114440918,8.649999618530273,8.34000015258789,8.369999885559082,13008700
2025-12-23,LIDR,2.359999895095825,2.369999885559082,2.299999952316284,2.3299999237060547,1097500
2025-12-23,ORBS,2.130000114440918,2.134999990463257,1.909999966621399,1.9199999570846558,2314900
2025-12-23,ORCL,196.42999267578125,197.1999969482422,192.19000244140625,195.33999633789062,18301600
2025-12-23,PLTR,192.8249969482422,195.3699951171875,191.73500061035156,194.1300048828125,24041000
2025-12-23,PLTU,87.0,89.19499969482422,85.9800033569336,88.04000091552734,686300
2025-12-24,BULL,8.359999656677246,8.449999809265137,8.270000457763672,8.390000343322754,5282600
2025-12-24,LIDR,2.319999933242798,2.3299999237060547,2.240000009536743,2.259999990463257,639200
2025-12-24,ORBS,1.899999976158142,1.899999976158142,1.8250000476837158,1.8700000047683716,1071200
2025-12-24,ORCL,195.0,198.27999877929688,194.4199981689453,197.49000549316406,9282700
2025-12-24,PLTR,193.16000366210938,195.1699981689453,192.8300018310547,194.1699981689453,11710100
2025-12-24,PLTU,87.30000305175781,89.0,86.94000244140625,88.12000274658203,375700
2025-12-26,BULL,8.369999885559082,8.369999885559082,8.114999771118164,8.180000305175781,10178900
2025-12-26,LIDR,2.259999990463257,2.2699999809265137,2.1700000762939453,2.180000066757202,661400
2025-12-26,ORBS,1.8600000143051147,1.8650000095367432,1.6399999856948853,1.6649999618530273,3140700
2025-12-26,ORCL,198.05999755859375,200.3699951171875,196.11000061035156,197.99000549316406,11262000
2025-12-26,PLTR,195.01499938964844,196.35000610351562,188.6199951171875,188.7100067138672,26262000
2025-12-26,PLTU,89.0,90.0,82.95999908447266,83.06999969482422,798400
2025-12-29,BULL,8.03499984741211,8.192999839782715,7.920000076293945,8.0600004196167,14611700
2025-12-29,LIDR,2.0999999046325684,2.1689999103546143,2.0299999713897705,2.0299999713897705,1125100
2025-12-29,ORBS,1.899999976158142,2.5,1.8300000429153442,1.8350000381469727,29244300
2025-12-29,ORCL,194.16000366210938,198.50999450683594,192.63999938964844,195.3800048828125,14748100
2025-12-29,PLTR,186.85000610351562,187.1999969482422,183.63999938964844,184.17999267578125,28242000
2025-12-29,PLTU,81.4800033569336,81.66000366210938,78.56999969482422,79.04000091552734,842700
2025-12-30,BULL,8.039999961853027,8.119999885559082,7.914999961853027,7.929999828338623,12389600
2025-12-30,LIDR,2.0199999809265137,2.0399999618530273,1.8700000047683716,1.899999976158142,1951000
2025-12-30,ORBS,1.809999942779541,1.9299999475479126,1.6399999856948853,1.684999942779541,5540200
2025-12-30,ORCL,196.05999755859375,198.3800048828125,195.7100067138672,197.2100067138672,14197400
2025-12-30,PLTR,184.35000610351562,184.72900390625,180.6999969482422,180.83999633789062,23336300
2025-12-30,PLTU,79.06999969482422,79.5,76.05999755859375,76.13999938964844,806000
2025-12-31,BULL,7.885000228881836,7.929999828338623,7.664000034332275,7.769999980926514,21276100
2025-12-31,LIDR,1.8799999952316284,1.8930000066757202,1.7999999523162842,1.840000033378601,1367100
2025-12-31,ORBS,1.7000000476837158,1.7300000190734863,1.600000023841858,1.7300000190734863,5103900
2025-12-31,ORCL,196.4199981689453,197.1999969482422,194.72999572753906,194.91000366210938,10341500
2025-12-31,PLTR,181.1300048828125,181.52999877929688,177.25,177.75,22997400
2025-12-31,PLTU,76.37000274658203,76.70999908447266,73.1500015258789,73.54000091552734,628900
2026-01-02,BULL,7.880000114440918,8.270000457763672,7.869999885559082,8.1899995803833,12246000
2026-01-02,LIDR,1.8799999952316284,2.109999895095825,1.8799999952316284,2.109999895095825,1156800
2026-01-02,ORBS,1.7699999809265137,1.8990000486373901,1.7200000286102295,1.8200000524520874,4302400
2026-01-02,ORCL,197.47000122070312,198.58999633789062,194.2100067138672,195.7100067138672,14540700
2026-01-02,PLTR,181.3000030517578,181.35000610351562,166.35000610351562,167.86000061035156,60634100
2026-01-02,PLTU,76.55999755859375,76.55999755859375,64.0999984741211,65.3499984741211,2397500
2026-01-05,BULL,8.289999961853027,8.675000190734863,8.279999732971191,8.5600004196167,14466600
2026-01-05,LIDR,2.200000047683716,2.315000057220459,2.1600000858306885,2.259999990463257,1013500
2026-01-05,ORBS,2.109999895095825,2.109999895095825,1.7799999713897705,1.9700000286102295,31574300
2026-01-05,ORCL,198.33999633789062,201.69000244140625,192.3300018310547,192.58999633789062,22635500
2026-01-05,PLTR,174.8800048828125,175.82000732421875,171.7899932861328,174.0399932861328,39511700
2026-01-05,PLTU,70.75499725341797,71.45999908447266,68.37999725341797,70.02999877929688,1516100
2026-01-06,BULL,8.670000076293945,8.744999885559082,8.420000076293945,8.649999618530273,10970800
2026-01-06,LIDR,2.25,2.25,2.0899999141693115,2.1600000858306885,2071000
2026-01-06,ORBS,2.0199999809265137,2.0250000953674316,1.850000023841858,1.8899999856948853,6410100
2026-01-06,ORCL,192.55999755859375,194.8800048828125,190.6999969482422,193.75,16474500
2026-01-06,PLTR,175.75999450683594,180.19000244140625,174.77000427246094,179.7100067138672,34838600
2026-01-06,PLTU,71.44999694824219,74.95500183105469,70.66999816894531,74.5199966430664,1378900
2026-01-07,BULL,8.569999694824219,8.585000038146973,8.395000457763672,8.420000076293945,7997000
2026-01-07,LIDR,2.1600000858306885,2.240000009536743,2.1500000953674316,2.190000057220459,756100
2026-01-07,ORBS,1.8600000143051147,1.8600000143051147,1.7350000143051147,1.75,5931000
2026-01-07,ORCL,195.3000030517578,195.6699981689453,192.0,192.83999633789062,11171200
2026-01-07,PLTR,179.8000030517578,187.27999877929688,177.66000366210938,181.67999267578125,45349000
2026-01-07,PLTU,74.61499786376953,80.83999633789062,72.9000015258789,76.19999694824219,1190400
2026-01-08,BULL,8.359999656677246,8.5,8.229999542236328,8.430000305175781,8829600
2026-01-08,LIDR,2.1700000762939453,2.25,2.1700000762939453,2.240000009536743,737400
2026-01-08,ORBS,1.7200000286102295,1.75,1.6699999570846558,1.7100000381469727,4378100
2026-01-08,ORCL,190.8800048828125,190.9499969482422,186.14999389648438,189.64999389648438,19468500
2026-01-08,PLTR,185.61500549316406,185.66000366210938,174.3699951171875,176.86000061035156,47304300
2026-01-08,PLTU,79.30000305175781,79.5,70.12000274658203,72.16000366210938,1712600
2026-01-09,BULL,8.460000038146973,8.640000343322754,8.289999961853027,8.460000038146973,11980800
2026-01-09,LIDR,2.240000009536743,2.259999990463257,2.1600000858306885,2.1700000762939453,814800
2026-01-09,ORBS,1.7300000190734863,1.7300000190734863,1.6200000047683716,1.6799999475479126,3323500
2026-01-09,ORCL,191.66000366210938,200.17999267578125,188.77999877929688,198.52000427246094,26152700
2026-01-09,PLTR,177.02000427246094,178.72000122070312,174.75,177.49000549316406,31362900
2026-01-09,PLTU,72.18000030517578,73.58999633789062,70.41000366210938,72.52999877929688,829500
2026-01-12,BULL,8.430000305175781,8.574999809265137,8.229999542236328,8.279999732971191,16304300
2026-01-12,LIDR,2.130000114440918,2.2060000896453857,2.109999895095825,2.1700000762939453,644200
2026-01-12,ORBS,1.649999976158142,1.7300000190734863,1.6299999952316284,1.6799999475479126,3377300
2026-01-12,ORCL,197.60000610351562,206.60000610351562,197.00999450683594,204.67999267578125,25428500
2026-01-12,PLTR,177.68499755859375,182.5,176.33999633789062,179.41000366210938,34954500
2026-01-12,PLTU,72.81999969482422,76.66500091552734,71.70999908447266,74.16999816894531,1075700
2026-01-13,BULL,8.3100004196167,8.375,8.050999641418457,8.1899995803833,11930100
2026-01-13,LIDR,2.1500000953674316,2.1700000762939453,2.069999933242798,2.0799999237060547,1049600
2026-01-13,ORBS,1.7300000190734863,1.7999999523162842,1.659999966621399,1.7400000095367432,3941900
2026-01-13,ORCL,205.0,207.8000030517578,200.66000366210938,202.2899932861328,15857400
2026-01-13,PLTR,178.875,181.10000610351562,176.13999938964844,178.9600067138672,27769400
2026-01-13,PLTU,73.25,75.52300262451172,71.44000244140625,73.69999694824219,966100
2026-01-14,BULL,8.170000076293945,8.414999961853027,8.100000381469727,8.390000343322754,12199200
2026-01-14,LIDR,2.119999885559082,2.130000114440918,2.059999942779541,2.109999895095825,718400
2026-01-14,ORBS,1.75,1.8700000047683716,1.7000000476837158,1.809999942779541,4435800
2026-01-14,ORCL,201.67999267578125,201.67999267578125,190.80999755859375,193.61000061035156,22473200
2026-01-14,PLTR,178.125,181.59800720214844,173.9499969482422,178.39999389648438,33651400
2026-01-14,PLTU,73.16999816894531,75.87000274658203,69.66000366210938,73.2699966430664,1574700
2026-01-15,BULL,8.40999984741211,8.609999656677246,8.130000114440918,8.180000305175781,13492900
2026-01-15,LIDR,2.109999895095825,2.1600000858306885,2.0399999618530273,2.0399999618530273,796500
2026-01-15,ORBS,1.7899999618530273,1.8300000429153442,1.7300000190734863,1.75,2391300
2026-01-15,ORCL,195.00999450683594,195.00999450683594,189.38999938964844,189.85000610351562,16418600
2026-01-15,PLTR,178.7100067138672,180.60000610351562,176.52999877929688,177.07000732421875,31109200
2026-01-15,PLTU,73.80999755859375,75.0199966430664,71.75,72.12000274658203,1110900
2026-01-16,BULL,8.210000038146973,8.279999732971191,8.010000228881836,8.15999984741211,8696700
2026-01-16,LIDR,2.0299999713897705,2.069999933242798,2.009999990463257,2.009999990463257,688100
2026-01-16,ORBS,1.7300000190734863,1.7400000095367432,1.6100000143051147,1.6100000143051147,4121200
2026-01-16,ORCL,189.91000366210938,191.8699951171875,186.52999877929688,191.08999633789062,19224700
2026-01-16,PLTR,179.36000061035156,182.42999267578125,170.00999450683594,170.9600067138672,59483600
2026-01-16,PLTU,73.56999969482422,76.34400177001953,66.33999633789062,67.16000366210938,2499500
2026-01-20,BULL,7.889999866485596,8.010000228881836,7.800000190734863,7.829999923706055,10827800
2026-01-20,LIDR,1.9800000190734863,2.0299999713897705,1.940000057220459,1.9800000190734863,891500
2026-01-20,ORBS,1.5299999713897705,1.5700000524520874,1.4600000381469727,1.5399999618530273,4266000
2026-01-20,ORCL,187.19000244140625,187.19000244140625,179.36000061035156,179.9199981689453,29129500
2026-01-20,PLTR,167.625,171.97000122070312,166.24000549316406,168.52999877929688,36708500
2026-01-20,PLTU,64.33999633789062,67.83399963378906,63.380001068115234,65.20999908447266,1341400
2026-01-21,BULL,7.829999923706055,7.96999979019165,7.639999866485596,7.769999980926514,9726300
2026-01-21,LIDR,1.9700000286102295,2.0450000762939453,1.909999966621399,1.9900000095367432,1255600
2026-01-21,ORBS,1.5199999809265137,1.5800000429153442,1.2999999523162842,1.5099999904632568,4156300
2026-01-21,ORCL,179.67999267578125,180.60000610351562,170.60000610351562,173.8800048828125,38190000
2026-01-21,PLTR,168.40199279785156,169.49000549316406,161.11000061035156,165.3300018310547,47851200
2026-01-21,PLTU,65.0999984741211,65.86000061035156,59.45399856567383,62.75,1972700
2026-01-22,BULL,7.860000133514404,8.079999923706055,7.809999942779541,7.829999923706055,7200100
2026-01-22,LIDR,2.0,2.1449999809265137,2.0,2.0899999141693115,1157900
2026-01-22,ORBS,1.5099999904632568,1.6100000143051147,1.4500000476837158,1.4600000381469727,2435700
2026-01-22,ORCL,179.3699951171875,180.16000366210938,176.5,178.17999267578125,21141900
2026-01-22,PLTR,168.9250030517578,169.0,164.9499969482422,165.89999389648438,28499500
2026-01-22,PLTU,65.05999755859375,65.16000366210938,62.41999816894531,63.119998931884766,1018900
2026-01-23,BULL,7.849999904632568,8.0,7.75,7.840000152587891,7564200
2026-01-23,LIDR,2.0899999141693115,2.0899999141693115,2.0,2.0,660900
2026-01-23,ORBS,1.4700000286102295,1.5,1.3899999856948853,1.399999976158142,2422500
2026-01-23,ORCL,172.6199951171875,179.64999389648438,172.0,177.16000366210938,23011300
2026-01-23,PLTR,167.27000427246094,172.0,166.3000030517578,169.60000610351562,30285700
2026-01-23,PLTU,64.4000015258789,67.5999984741211,63.400001525878906,65.80999755859375,1150500
2026-01-26,BULL,7.809999942779541,7.840000152587891,7.670000076293945,7.699999809265137,6712000
2026-01-26,LIDR,2.0,2.0,1.850000023841858,1.850000023841858,963400
2026-01-26,ORBS,1.399999976158142,1.4199999570846558,1.340000033378601,1.3799999952316284,2310700
2026-01-26,ORCL,179.10000610351562,185.30999755859375,178.52999877929688,182.44000244140625,21100400
2026-01-26,PLTR,168.2100067138672,170.58999633789062,167.3249969482422,167.47000122070312,22777200
2026-01-26,PLTU,65.06999969482422,66.5,64.11499786376953,64.16000366210938,1047500
2026-01-27,BULL,7.699999809265137,7.724999904632568,7.53000020980835,7.639999866485596,8809700
2026-01-27,LIDR,1.8600000143051147,1.909999966621399,1.8300000429153442,1.8899999856948853,557500
2026-01-27,ORBS,1.3600000143051147,1.4600000381469727,1.3600000143051147,1.4299999475479126,1816200
2026-01-27,ORCL,179.19000244140625,179.72000122070312,173.67999267578125,174.89999389648438,27093700
2026-01-27,PLTR,167.47999572753906,169.44000244140625,164.69000244140625,165.6999969482422,26542300
2026-01-27,PLTU,64.1500015258789,65.61000061035156,62.02000045776367,62.7599983215332,756100
2026-01-28,BULL,7.690000057220459,7.760000228881836,7.559999942779541,7.630000114440918,8160100
2026-01-28,LIDR,1.8899999856948853,1.899999976158142,1.8300000429153442,1.8300000429153442,537500
2026-01-28,ORBS,1.4199999570846558,1.4850000143051147,1.3700000047683716,1.399999976158142,7917100
2026-01-28,ORCL,174.9199981689453,181.67999267578125,171.86000061035156,172.8000030517578,35882700
2026-01-28,PLTR,164.39999389648438,165.0449981689453,157.24000549316406,157.35000610351562,44822800
2026-01-28,PLTU,61.75,62.16999816894531,56.43000030517578,56.45000076293945,2114300
2026-01-29,BULL,7.579999923706055,7.675000190734863,7.260000228881836,7.340000152587891,12953300
2026-01-29,LIDR,1.8300000429153442,1.850000023841858,1.7300000190734863,1.7699999809265137,1151300
2026-01-29,ORBS,1.6200000047683716,1.6299999952316284,1.4600000381469727,1.600000023841858,13184200
2026-01-29,ORCL,170.14999389648438,170.22999572753906,161.52000427246094,169.00999450683594,37254500
2026-01-29,PLTR,157.6300048828125,157.6300048828125,147.1199951171875,151.86000061035156,59846800
2026-01-29,PLTU,56.599998474121094,56.599998474121094,49.11199951171875,52.189998626708984,3143300
2026-01-30,BULL,7.210000038146973,7.28000020980835,6.960000038146973,7.03000020980835,11912900
2026-01-30,LIDR,1.7400000095367432,1.7699999809265137,1.6200000047683716,1.6399999856948853,974600
2026-01-30,ORBS,1.5299999713897705,1.5399999618530273,1.440999984741211,1.4500000476837158,3685900
2026-01-30,ORCL,168.1699981689453,168.89999389648438,163.24000549316406,164.5800018310547,27362400
2026-01-30,PLTR,150.0500030517578,151.0,145.13900756835938,146.58999633789062,47271000
2026-01-30,PLTU,51.290000915527344,51.849998474121094,47.849998474121094,48.880001068115234,1693900
2026-02-02,BULL,6.900000095367432,6.985000133514404,6.690000057220459,6.800000190734863,12406500
2026-02-02,LIDR,1.6100000143051147,1.649999976158142,1.5750000476837158,1.600000023841858,635300
2026-02-02,ORBS,1.399999976158142,1.5299999713897705,1.309999942779541,1.309999942779541,3540500
2026-02-02,ORCL,170.9199981689453,171.1999969482422,160.0,160.05999755859375,47421000
2026-02-02,PLTR,150.94000244140625,151.39999389648438,146.6540069580078,147.75999450683594,72811100
2026-02-02,PLTU,51.619998931884766,51.939998626708984,48.845001220703125,49.619998931884766,3961500
2026-02-03,BULL,6.824999809265137,6.894999980926514,6.40500020980835,6.690000057220459,12437600
2026-02-03,LIDR,1.6200000047683716,1.659999966621399,1.559999942779541,1.649999976158142,719800
2026-02-03,ORBS,1.3200000524520874,1.399999976158142,1.25,1.340000033378601,3473000
2026-02-03,ORCL,158.25999450683594,159.3800048828125,151.89999389648438,154.6699981689453,43260100
2026-02-03,PLTR,165.0500030517578,165.0780029296875,153.1199951171875,157.8800048828125,113169200
2026-02-03,PLTU,60.994998931884766,61.099998474121094,53.185001373291016,56.29999923706055,5818900
2026-02-04,BULL,6.670000076293945,6.775000095367432,6.449999809265137,6.679999828338623,10060000
2026-02-04,LIDR,1.659999966621399,1.6799999475479126,1.4900000095367432,1.5299999713897705,966700
2026-02-04,ORBS,1.340000033378601,1.3799999952316284,1.2300000190734863,1.3200000524520874,3233800
2026-02-04,ORCL,153.88999938964844,153.94000244140625,144.42999267578125,146.6699981689453,42323400
2026-02-04,PLTR,155.41000366210938,155.85000610351562,135.67999267578125,139.5399932861328,113199500
2026-02-04,PLTU,54.529998779296875,54.65999984741211,40.45000076293945,43.150001525878906,5574500
2026-02-05,BULL,6.440000057220459,6.539999961853027,5.78000020980835,5.820000171661377,19840400
2026-02-05,LIDR,1.4700000286102295,1.4900000095367432,1.3700000047683716,1.3700000047683716,853100
2026-02-05,ORBS,1.1799999475479126,1.3049999475479126,1.1699999570846558,1.190000057220459,2638600
2026-02-05,ORCL,145.60000610351562,146.5500030517578,135.25,136.47999572753906,42789000
2026-02-05,PLTR,136.82000732421875,137.97999572753906,128.32000732421875,130.00999450683594,93690800
2026-02-05,PLTU,41.630001068115234,42.130001068115234,36.2599983215332,37.22999954223633,4625600
2026-02-06,BULL,6.010000228881836,6.639999866485596,6.0,6.579999923706055,17880100
2026-02-06,LIDR,1.409999966621399,1.5700000524520874,1.399999976158142,1.5700000524520874,622100
2026-02-06,ORBS,1.2000000476837158,1.4199999570846558,1.2000000476837158,1.3600000143051147,2223800
2026-02-06,ORCL,139.75,143.1999969482422,138.91000366210938,142.82000732421875,29962400
2026-02-06,PLTR,135.3300018310547,137.68699645996094,132.35000610351562,135.89999389648438,62661400
2026-02-06,PLTU,40.380001068115234,41.65999984741211,38.68000030517578,40.650001525878906,4229900
2026-02-09,BULL,6.480000019073486,6.860000133514404,6.383999824523926,6.789999961853027,9784800
2026-02-09,LIDR,1.559999942779541,1.659999966621399,1.5199999809265137,1.6200000047683716,401800
2026-02-09,ORBS,1.350000023841858,1.4049999713897705,1.2999999523162842,1.3200000524520874,2039500
2026-02-09,ORCL,148.49000549316406,159.75,147.0,156.58999633789062,49936500
2026-02-09,PLTR,136.5800018310547,145.8699951171875,134.7760009765625,142.91000366210938,58042500
2026-02-09,PLTU,41.03499984741211,46.619998931884766,39.93000030517578,44.84000015258789,4942500
2026-02-10,BULL,6.75,6.980000019073486,6.619999885559082,6.639999866485596,7239200
2026-02-10,LIDR,1.625,1.690000057220459,1.6100000143051147,1.6299999952316284,410400
2026-02-10,ORBS,1.2999999523162842,1.3600000143051147,1.2599999904632568,1.3300000429153442,1882800
2026-02-10,ORCL,160.0,165.38999938964844,156.9600067138672,159.88999938964844,40092200
2026-02-10,PLTR,144.96499633789062,145.55999755859375,137.77000427246094,139.50999450683594,56061300
2026-02-10,PLTU,46.20000076293945,46.47999954223633,41.59000015258789,42.61000061035156,3966400
2026-02-11,BULL,6.644999980926514,6.644999980926514,6.090000152587891,6.239999771118164,9172300
2026-02-11,LIDR,1.649999976158142,1.690000057220459,1.6150000095367432,1.6699999570846558,636600
2026-02-11,ORBS,1.3300000429153442,1.3329999446868896,1.2100000381469727,1.2699999809265137,1470000
2026-02-11,ORCL,163.66000366210938,163.66000366210938,154.0,157.16000366210938,24538900
2026-02-11,PLTR,139.02499389648438,139.25,132.9499969482422,135.67999267578125,52796100
2026-02-11,PLTU,42.375,42.52000045776367,38.63999938964844,40.279998779296875,2699000
2026-02-12,BULL,6.289999961853027,6.296000003814697,5.840000152587891,5.869999885559082,11053100
2026-02-12,LIDR,1.6799999475479126,1.690000057220459,1.600000023841858,1.6100000143051147,540800
2026-02-12,ORBS,1.2799999713897705,1.2999999523162842,1.1649999618530273,1.1799999475479126,1728100
2026-02-12,ORCL,157.92999267578125,159.0399932861328,152.5,156.47999572753906,23285400
2026-02-12,PLTR,135.36000061035156,135.88999938964844,126.55999755859375,129.1300048828125,74090600
2026-02-12,PLTU,40.04999923706055,40.400001525878906,34.900001525878906,36.439998626708984,3526500
2026-02-13,BULL,5.960000038146973,6.26800012588501,5.849999904632568,6.010000228881836,8373100
2026-02-13,LIDR,1.6100000143051147,1.7050000429153442,1.600000023841858,1.649999976158142,336300
2026-02-13,ORBS,1.1799999475479126,1.2899999618530273,1.1799999475479126,1.2300000190734863,1459100
2026-02-13,ORCL,159.25,162.3000030517578,155.2899932861328,160.13999938964844,18597000
2026-02-13,PLTR,127.9000015258789,133.55999755859375,126.23300170898438,131.41000366210938,49438100
2026-02-13,PLTU,35.939998626708984,38.84000015258789,34.742000579833984,37.619998931884766,2852600
2026-02-17,BULL,5.980000019073486,6.045000076293945,5.829999923706055,5.880000114440918,7341400
2026-02-17,LIDR,1.649999976158142,1.6749999523162842,1.600000023841858,1.6100000143051147,388900
2026-02-17,ORBS,1.2200000286102295,1.25,1.190000057220459,1.2200000286102295,1082300
2026-02-17,ORCL,157.97999572753906,159.27999877929688,152.8800048828125,153.97000122070312,19610800
2026-02-17,PLTR,128.89500427246094,134.32000732421875,127.29000091552734,133.02000427246094,48407100
2026-02-17,PLTU,36.18000030517578,39.279998779296875,35.275001525878906,38.54999923706055,1798700
2026-02-18,BULL,5.880000114440918,6.079999923706055,5.829999923706055,5.960000038146973,7571300
2026-02-18,LIDR,1.6200000047683716,1.6859999895095825,1.6200000047683716,1.649999976158142,293100
2026-02-18,ORBS,1.25,1.2899999618530273,1.2100000381469727,1.2200000286102295,1214800
2026-02-18,ORCL,154.41000366210938,157.3000030517578,151.3699951171875,156.1699981689453,14801100
2026-02-18,PLTR,135.88999938964844,140.96299743652344,134.8699951171875,135.3800048828125,59677100
2026-02-18,PLTU,40.13999938964844,43.125,39.599998474121094,39.86000061035156,2473500
2026-02-19,BULL,5.880000114440918,5.994999885559082,5.760000228881836,5.960000038146973,6894300
2026-02-19,LIDR,1.6399999856948853,1.7699999809265137,1.600000023841858,1.75,527300
2026-02-19,ORBS,1.2200000286102295,1.2450000047683716,1.190000057220459,1.2300000190734863,796700
2026-02-19,ORCL,157.19000244140625,160.0800018310547,155.77000427246094,156.5399932861328,14976300
2026-02-19,PLTR,132.30999755859375,136.16000366210938,131.00999450683594,134.88999938964844,42197200
2026-02-19,PLTU,38.095001220703125,40.34000015258789,37.310001373291016,39.599998474121094,1470900
2026-02-20,BULL,5.869999885559082,6.090000152587891,5.849999904632568,5.909999847412109,5924900
2026-02-20,LIDR,1.75,1.7999999523162842,1.649999976158142,1.659999966621399,335600
2026-02-20,ORBS,1.2100000381469727,1.2599999904632568,1.190000057220459,1.2200000286102295,949700
2026-02-20,ORCL,153.3000030517578,153.99000549316406,147.38999938964844,148.0800018310547,29621900
2026-02-20,PLTR,132.36500549316406,136.2100067138672,131.1699981689453,135.24000549316406,53726800
2026-02-20,PLTU,38.06999969482422,40.30400085449219,37.400001525878906,39.790000915527344,1925700
2026-02-23,BULL,5.829999923706055,5.869999885559082,5.590000152587891,5.599999904632568,8736100
2026-02-23,LIDR,1.6399999856948853,1.6699999570846558,1.565000057220459,1.5800000429153442,447500
2026-02-23,ORBS,1.2200000286102295,1.2300000190734863,1.149999976158142,1.190000057220459,1743500
2026-02-23,ORCL,145.69000244140625,145.8000030517578,138.58999633789062,141.30999755859375,31749800
2026-02-23,PLTR,132.0399932861328,132.0399932861328,127.38999938964844,130.60000610351562,52512200
2026-02-23,PLTU,37.86000061035156,37.86000061035156,35.15999984741211,37.040000915527344,2893600
2026-02-24,BULL,5.539999961853027,5.800000190734863,5.46999979019165,5.760000228881836,7513600
2026-02-24,LIDR,1.559999942779541,1.6150000095367432,1.5499999523162842,1.600000023841858,213400
2026-02-24,ORBS,1.1699999570846558,1.225000023841858,1.1299999952316284,1.2100000381469727,1356000
2026-02-24,ORCL,140.83999633789062,146.75999450683594,138.72999572753906,146.13999938964844,21336600
2026-02-24,PLTR,129.0050048828125,130.24000549316406,126.37000274658203,128.83999633789062,47121400
2026-02-24,PLTU,36.119998931884766,36.74100112915039,34.65999984741211,36.0,1896400
2026-02-25,BULL,5.869999885559082,6.039999961853027,5.800000190734863,6.010000228881836,8426200
2026-02-25,LIDR,1.590000033378601,1.7000000476837158,1.5700000524520874,1.6699999570846558,400300
2026-02-25,ORBS,1.2200000286102295,1.3300000429153442,1.159999966621399,1.190000057220459,5084600
2026-02-25,ORCL,149.16000366210938,153.27999877929688,147.33999633789062,147.88999938964844,27303900
2026-02-25,PLTR,130.61000061035156,136.08999633789062,129.17999267578125,134.19000244140625,53078300
2026-02-25,PLTU,36.91999816894531,40.040000915527344,36.20000076293945,38.970001220703125,1931400
2026-02-26,BULL,5.980000019073486,6.199999809265137,5.860000133514404,6.010000228881836,8874500
2026-02-26,LIDR,1.659999966621399,1.715000033378601,1.6449999809265137,1.7000000476837158,315100
2026-02-26,ORBS,1.159999966621399,1.215000033378601,1.090000033378601,1.1299999952316284,2648500
2026-02-26,ORCL,148.7899932861328,152.5,145.14999389648438,150.30999755859375,20652200
2026-02-26,PLTR,133.84500122070312,137.50999450683594,132.6300048828125,135.94000244140625,45100000
2026-02-26,PLTU,38.849998474121094,40.900001525878906,38.060001373291016,39.959999084472656,1777200
2026-02-27,BULL,5.880000114440918,5.900000095367432,5.739999771118164,5.809999942779541,7945300
2026-02-27,LIDR,1.6699999570846558,1.6799999475479126,1.6200000047683716,1.6399999856948853,239100
2026-02-27,ORBS,1.1100000143051147,1.1299999952316284,1.0299999713897705,1.0499999523162842,3449700
2026-02-27,ORCL,143.8800048828125,146.0800018310547,142.10000610351562,145.39999389648438,36425200
2026-02-27,PLTR,134.07000732421875,138.10000610351562,133.97999572753906,137.19000244140625,59412400
2026-02-27,PLTU,38.90999984741211,41.209999084472656,38.81999969482422,40.66999816894531,1514700
2026-03-02,BULL,5.639999866485596,6.130000114440918,5.580999851226807,6.039999961853027,8405200
2026-03-02,LIDR,1.5800000429153442,1.7400000095367432,1.5800000429153442,1.7000000476837158,390900
2026-03-02,ORBS,1.0099999904632568,1.1299999952316284,1.0089999437332153,1.0800000429153442,2426100
2026-03-02,ORCL,141.6199951171875,150.1699981689453,141.17999267578125,149.25,22418800
2026-03-02,PLTR,140.77499389648438,147.13999938964844,140.52000427246094,145.1699981689453,72683900
2026-03-02,PLTU,42.78499984741211,46.584999084472656,42.70500183105469,45.369998931884766,4942400
2026-03-03,BULL,5.840000152587891,6.059999942779541,5.71999979019165,5.960000038146973,9410700
2026-03-03,LIDR,1.649999976158142,1.6749999523162842,1.5850000381469727,1.6299999952316284,779700
2026-03-03,ORBS,1.0700000524520874,1.0800000429153442,1.0099999904632568,1.0299999713897705,1666200
2026-03-03,ORCL,144.75,150.92999267578125,143.0500030517578,149.00999450683594,20120800
2026-03-03,PLTR,142.10000610351562,147.5,138.1999969482422,147.22000122070312,67460200
2026-03-03,PLTU,43.40999984741211,46.83000183105469,41.060001373291016,46.720001220703125,3994900
2026-03-04,BULL,6.21999979019165,6.460000038146973,5.989999771118164,6.070000171661377,30022100
2026-03-04,LIDR,1.6100000143051147,1.6679999828338623,1.6100000143051147,1.649999976158142,322300
2026-03-04,ORBS,1.090000033378601,1.1799999475479126,1.0499999523162842,1.1399999856948853,3169000
2026-03-04,ORCL,150.00999450683594,153.61000061035156,149.10000610351562,152.3699951171875,17585400
2026-03-04,PLTR,148.42999267578125,154.52000427246094,148.05999755859375,153.19000244140625,60062200
2026-03-04,PLTU,47.36000061035156,51.26499938964844,47.20000076293945,50.41999816894531,2656600
2026-03-05,BULL,5.820000171661377,6.150000095367432,5.599999904632568,5.730000019073486,22684900
2026-03-05,LIDR,1.6299999952316284,1.7000000476837158,1.600000023841858,1.6399999856948853,247100
2026-03-05,ORBS,1.1399999856948853,1.159999966621399,1.059999942779541,1.059999942779541,1491900
2026-03-05,ORCL,152.58999633789062,157.94000244140625,150.1199951171875,154.7899932861328,24094800
2026-03-05,PLTR,152.94000244140625,156.3800048828125,149.61000061035156,152.6699981689453,50714500
2026-03-05,PLTU,50.130001068115234,52.53900146484375,48.060001373291016,50.099998474121094,2187800
2026-03-06,BULL,5.650000095367432,5.670000076293945,5.400000095367432,5.449999809265137,18967000
2026-03-06,LIDR,1.600000023841858,1.6299999952316284,1.5499999523162842,1.559999942779541,453300
2026-03-06,ORBS,1.0499999523162842,1.0800000429153442,1.0299999713897705,1.0299999713897705,2332800
2026-03-06,ORCL,152.9199981689453,159.19000244140625,151.6199951171875,152.9600067138672,38000600
2026-03-06,PLTR,150.44000244140625,161.4499969482422,150.2899932861328,157.16000366210938,74980900
2026-03-06,PLTU,48.619998931884766,55.77000045776367,48.5,52.9900016784668,3466000
2026-03-09,BULL,5.369999885559082,5.559999942779541,5.329999923706055,5.489999771118164,12024400
2026-03-09,LIDR,1.5199999809265137,1.5800000429153442,1.5049999952316284,1.559999942779541,357600
2026-03-09,ORBS,1.0199999809265137,1.100000023841858,0.9860000014305115,1.0299999713897705,3095700
2026-03-09,ORCL,150.6999969482422,152.0,146.42999267578125,151.55999755859375,31173500
2026-03-09,PLTR,155.69000244140625,158.44000244140625,152.97000122070312,156.42999267578125,47574200
2026-03-09,PLTU,51.900001525878906,53.7400016784668,50.15999984741211,52.5,2079400
2026-03-10,BULL,5.5,5.675000190734863,5.429999828338623,5.5,8383700
2026-03-10,LIDR,1.5800000429153442,1.6349999904632568,1.559999942779541,1.600000023841858,298800
2026-03-10,ORBS,1.0,1.0149999856948853,0.7450000047683716,0.7739999890327454,24785200
2026-03-10,ORCL,153.6199951171875,154.13999938964844,148.4499969482422,149.39999389648438,51544600
2026-03-10,PLTR,155.99000549316406,156.65699768066406,150.13999938964844,151.13999938964844,47501400
2026-03-10,PLTU,52.21500015258789,52.5,48.25,48.959999084472656,2052200
2026-03-11,BULL,5.489999771118164,5.610000133514404,5.389999866485596,5.480000019073486,9553700
2026-03-11,LIDR,1.590000033378601,1.6399999856948853,1.5809999704360962,1.6299999952316284,227000
2026-03-11,ORBS,0.7839999794960022,0.8100000023841858,0.7720000147819519,0.8090000152587891,7257500
2026-03-11,ORCL,166.3800048828125,171.75999450683594,160.5800018310547,163.1199951171875,83247500
2026-03-11,PLTR,151.3800048828125,153.16900634765625,149.3300018310547,151.60000610351562,33955900
2026-03-11,PLTU,49.18000030517578,50.20000076293945,47.7400016784668,49.209999084472656,1245700
2026-03-12,BULL,5.400000095367432,5.449999809265137,5.260000228881836,5.289999961853027,11104000
2026-03-12,LIDR,1.600000023841858,1.690000057220459,1.590000033378601,1.6399999856948853,557700
2026-03-12,ORBS,1.090000033378601,1.100000023841858,0.8420000076293945,0.902999997138977,303886100
2026-03-12,ORCL,164.66000366210938,167.8300018310547,158.61000061035156,159.16000366210938,37133700
2026-03-12,PLTR,153.00999450683594,155.8800048828125,150.97999572753906,153.5,54409800
2026-03-12,PLTU,50.189998626708984,51.970001220703125,48.79999923706055,50.380001068115234,4478700
2026-03-13,BULL,5.349999904632568,5.46999979019165,5.239999771118164,5.269999980926514,12774200
2026-03-13,LIDR,1.649999976158142,1.7200000286102295,1.5800000429153442,1.590000033378601,473700
2026-03-13,ORBS,0.9570000171661377,0.9850000143051147,0.8109999895095825,0.8199999928474426,33722400
2026-03-13,ORCL,159.0500030517578,160.77000427246094,154.14999389648438,155.11000061035156,26350400
2026-03-13,PLTR,153.3000030517578,154.55999755859375,148.5800018310547,150.9499969482422,42460600
2026-03-13,PLTU,50.04999923706055,51.04999923706055,47.15999984741211,48.689998626708984,1584900
2026-03-16,BULL,5.364999771118164,5.440000057220459,5.239999771118164,5.309999942779541,8858200
2026-03-16,LIDR,1.6399999856948853,1.6699999570846558,1.5399999618530273,1.5499999523162842,18091700
2026-03-16,ORBS,0.8579999804496765,1.25,0.8339999914169312,1.100000023841858,103441300
2026-03-16,ORCL,156.05999755859375,158.74000549316406,154.50999450683594,155.97000122070312,21607700
2026-03-16,PLTR,152.4499969482422,153.86000061035156,151.1699981689453,152.72000122070312,32898900
2026-03-16,PLTU,49.68000030517578,50.560001373291016,48.86000061035156,49.81999969482422,1030100
2026-03-17,BULL,5.309999942779541,5.5289998054504395,5.269999980926514,5.46999979019165,8774300
2026-03-17,LIDR,2.259999990463257,2.369999885559082,1.8200000524520874,1.8300000429153442,67671000
2026-03-17,ORBS,1.1200000047683716,1.1200000047683716,0.9330000281333923,0.9589999914169312,40979700
2026-03-17,ORCL,155.44000244140625,158.9199981689453,153.5,154.69000244140625,23929500
2026-03-17,PLTR,152.40499877929688,156.75,152.1199951171875,155.0800018310547,37118500
2026-03-17,PLTU,49.540000915527344,52.45000076293945,49.4900016784668,51.38999938964844,955200
2026-03-18,BULL,5.394999980926514,5.427999973297119,5.199999809265137,5.230000019073486,10550100
2026-03-18,LIDR,1.75,2.0299999713897705,1.6799999475479126,1.8700000047683716,8416100
2026-03-18,ORBS,0.9480000138282776,1.0099999904632568,0.8830000162124634,0.9049999713897705,18222000
2026-03-18,ORCL,153.39999389648438,154.97000122070312,152.0399932861328,152.89999389648438,18051100
2026-03-18,PLTR,154.94500732421875,156.69000244140625,152.61000061035156,152.77000427246094,32476700
2026-03-18,PLTU,51.189998626708984,52.400001525878906,49.70000076293945,49.779998779296875,769600
2026-03-19,BULL,5.09499979019165,5.269999980926514,5.034999847412109,5.269999980926514,11602800
2026-03-19,LIDR,1.8200000524520874,2.680000066757202,1.7400000095367432,2.5899999141693115,21282800
2026-03-19,ORBS,0.8880000114440918,0.9599999785423279,0.8349999785423279,0.9440000057220459,15110300
2026-03-19,ORCL,150.4600067138672,156.9199981689453,148.88999938964844,155.52000427246094,22046100
2026-03-19,PLTR,153.10000610351562,156.14999389648438,150.5,155.67999267578125,33915900
2026-03-19,PLTU,50.0,51.970001220703125,48.33700180053711,51.689998626708984,820200
2026-03-20,BULL,5.21999979019165,5.289999961853027,5.059999942779541,5.130000114440918,10085300
2026-03-20,LIDR,2.5799999237060547,2.700000047683716,2.180000066757202,2.240000009536743,7622000
2026-03-20,ORBS,0.9599999785423279,0.9800000190734863,0.8809999823570251,0.9440000057220459,42785400
2026-03-20,ORCL,153.0500030517578,153.25,147.9499969482422,149.67999267578125,37551400
2026-03-20,PLTR,155.1999969482422,156.64999389648438,149.08999633789062,150.67999267578125,48700200
2026-03-20,PLTU,51.209999084472656,52.22999954223633,47.33000183105469,48.380001068115234,957300
2026-03-23,BULL,5.190000057220459,5.389999866485596,5.159999847412109,5.309999942779541,9676200
2026-03-23,LIDR,2.190000057220459,2.2300000190734863,2.0299999713897705,2.1700000762939453,2770900
2026-03-23,ORBS,0.949999988079071,1.0499999523162842,0.9200000166893005,1.0,18827600
2026-03-23,ORCL,151.4199981689453,155.77999877929688,150.7100067138672,154.33999633789062,19927900
2026-03-23,PLTR,153.24000549316406,161.0800018310547,153.24000549316406,160.83999633789062,57507100
2026-03-23,PLTU,50.150001525878906,54.959999084472656,50.0,54.779998779296875,1571800
2026-03-24,BULL,5.21999979019165,5.300000190734863,5.090000152587891,5.130000114440918,9411700
2026-03-24,LIDR,2.1600000858306885,2.200000047683716,2.0799999237060547,2.0999999046325684,2342000
2026-03-24,ORBS,0.9900000095367432,1.3600000143051147,0.9449999928474426,1.2000000476837158,77699000
2026-03-24,ORCL,153.0,153.89999389648438,146.85000610351562,147.08999633789062,26122100
2026-03-24,PLTR,160.07000732421875,162.39999389648438,151.63999938964844,154.77999877929688,56155700
2026-03-24,PLTU,53.900001525878906,55.41999816894531,48.29800033569336,50.349998474121094,1608700
2026-03-25,BULL,5.199999809265137,5.300000190734863,5.110000133514404,5.179999828338623,12461000
2026-03-25,LIDR,2.109999895095825,2.1600000858306885,2.0399999618530273,2.059999942779541,1845200
2026-03-25,ORBS,1.315000057220459,1.4600000381469727,1.190000057220459,1.2799999713897705,104240800
2026-03-25,ORCL,149.22999572753906,149.83999633789062,144.60000610351562,146.02000427246094,20683800
2026-03-25,PLTR,157.4199981689453,160.27000427246094,154.85499572753906,154.9600067138672,38543300
2026-03-25,PLTU,52.0,53.84000015258789,50.380001068115234,50.470001220703125,1091800
2026-03-26,BULL,5.130000114440918,5.190000057220459,4.989999771118164,5.050000190734863,13030600
2026-03-26,LIDR,2.0199999809265137,2.0799999237060547,1.9299999475479126,1.9299999475479126,1454200
2026-03-26,ORBS,1.2200000286102295,1.3420000076293945,1.1100000143051147,1.159999966621399,31126200
2026-03-26,ORCL,143.88999938964844,146.47000122070312,142.5399932861328,142.80999755859375,16961900
2026-03-26,PLTR,153.05499267578125,153.1199951171875,147.25,147.55999755859375,43038400
2026-03-26,PLTU,49.09000015258789,49.165000915527344,45.40999984741211,45.65999984741211,996600
2026-03-27,BULL,4.940000057220459,4.960000038146973,4.784999847412109,4.820000171661377,16068400
2026-03-27,LIDR,1.899999976158142,1.9390000104904175,1.8200000524520874,1.850000023841858,1230200
2026-03-27,ORBS,1.100000023841858,1.100000023841858,1.0,1.0099999904632568,23171600
2026-03-27,ORCL,140.92999267578125,141.69000244140625,138.3000030517578,139.66000366210938,17929600
2026-03-27,PLTR,145.8800048828125,145.9600067138672,141.55999755859375,143.05999755859375,35790800
2026-03-27,PLTU,44.279998779296875,44.4630012512207,41.93000030517578,42.779998779296875,734800
2026-03-30,BULL,4.829999923706055,4.90500020980835,4.565000057220459,4.630000114440918,13254100
2026-03-30,LIDR,1.850000023841858,1.8600000143051147,1.6799999475479126,1.7300000190734863,1018000
2026-03-30,ORBS,1.024999976158142,1.0299999713897705,0.8489999771118164,0.8600000143051147,23288200
2026-03-30,ORCL,140.0399932861328,141.1999969482422,136.9499969482422,138.8000030517578,20125700
2026-03-30,PLTR,143.27000427246094,144.1199951171875,136.3000030517578,137.5500030517578,41289800
2026-03-30,PLTU,43.08000183105469,43.31999969482422,38.77000045776367,39.439998626708984,941700
2026-03-31,BULL,4.664999961853027,4.840000152587891,4.619999885559082,4.800000190734863,11490600
2026-03-31,LIDR,1.7400000095367432,1.8700000047683716,1.7400000095367432,1.809999942779541,938000
2026-03-31,ORBS,0.8980000019073486,0.9710000157356262,0.8600000143051147,0.9319999814033508,23531400
2026-03-31,ORCL,140.3000030517578,147.39999389648438,139.85000610351562,147.11000061035156,24492000
2026-03-31,PLTR,140.02000427246094,147.86000061035156,138.97000122070312,146.27999877929688,45558600
2026-03-31,PLTU,40.915000915527344,45.349998474121094,40.279998779296875,44.4900016784668,1637100
2026-04-01,BULL,4.864999771118164,4.90500020980835,4.730000019073486,4.739999771118164,6888300
2026-04-01,LIDR,1.850000023841858,1.9700000286102295,1.840000033378601,1.840000033378601,1242500
2026-04-01,ORBS,1.0299999713897705,1.0299999713897705,0.902999997138977,0.9200000166893005,29247500
2026-04-01,ORCL,149.08999633789062,149.64999389648438,144.6699981689453,145.22999572753906,20495900
2026-04-01,PLTR,147.0,148.3000030517578,144.47000122070312,146.49000549316406,34171000
2026-04-01,PLTU,44.80500030517578,45.678001403808594,43.36000061035156,44.54999923706055,1934400
2026-04-02,BULL,4.559999942779541,4.829999923706055,4.5,4.820000171661377,10089100
2026-04-02,LIDR,1.7999999523162842,1.9049999713897705,1.75,1.8300000429153442,691800
2026-04-02,ORBS,0.8600000143051147,0.9309999942779541,0.8379999995231628,0.9139999747276306,16861200
2026-04-02,ORCL,142.77999877929688,146.44000244140625,140.3000030517578,146.3800048828125,14381900
2026-04-02,PLTR,143.48500061035156,148.50999450683594,137.99000549316406,148.4600067138672,30437000
2026-04-02,PLTU,42.540000915527344,45.7400016784668,40.95000076293945,45.68000030517578,867200
2026-04-06,BULL,4.829999923706055,5.019999980926514,4.820000171661377,4.940000057220459,8628100
2026-04-06,LIDR,1.8200000524520874,1.8899999856948853,1.75,1.75,649400
2026-04-06,ORBS,0.9150000214576721,0.9150000214576721,0.8550000190734863,0.8640000224113464,17265700
2026-04-06,ORCL,147.44000244140625,148.5500030517578,143.85000610351562,145.5399932861328,12556700
2026-04-06,PLTR,148.36000061035156,150.61000061035156,146.63099670410156,147.92999267578125,25142200
2026-04-06,PLTU,45.59000015258789,47.0,44.59000015258789,45.349998474121094,601500
2026-04-07,BULL,4.929999828338623,4.980000019073486,4.739999771118164,4.940000057220459,9186200
2026-04-07,LIDR,1.7300000190734863,1.7350000143051147,1.6100000143051147,1.6399999856948853,1184400
2026-04-07,ORBS,0.8600000143051147,0.8610000014305115,0.7940000295639038,0.8180000185966492,22157000
2026-04-07,ORCL,143.77999877929688,144.57000732421875,139.94000244140625,143.1699981689453,17250400
2026-04-07,PLTR,146.8820037841797,150.27000427246094,144.4499969482422,150.07000732421875,28671100
2026-04-07,PLTU,44.70000076293945,46.779998779296875,43.25,46.689998626708984,528600
2026-04-08,BULL,5.28000020980835,5.320000171661377,4.980000019073486,5.079999923706055,11385000
2026-04-08,LIDR,1.7599999904632568,1.7899999618530273,1.6150000095367432,1.6200000047683716,1183300
2026-04-08,ORBS,0.8849999904632568,0.9309999942779541,0.8399999737739563,0.9300000071525574,28885000
2026-04-08,ORCL,150.3000030517578,151.4600067138672,142.89999389648438,143.66000366210938,23527000
2026-04-08,PLTR,154.76499938964844,156.27999877929688,139.1699981689453,140.75999450683594,64827700
2026-04-08,PLTU,49.70000076293945,50.5099983215332,39.88999938964844,40.900001525878906,3272300
2026-04-09,BULL,5.0,5.070000171661377,4.869999885559082,4.980000019073486,7687100
2026-04-09,LIDR,1.6200000047683716,1.6799999475479126,1.5800000429153442,1.5800000429153442,761000
2026-04-09,ORBS,0.8999999761581421,0.9079999923706055,0.8349999785423279,0.8759999871253967,21607100
2026-04-09,ORCL,142.1999969482422,142.8000030517578,136.0,137.86000061035156,30407800
2026-04-09,PLTR,139.39500427246094,139.5399932861328,128.47000122070312,130.49000549316406,92361400
2026-04-09,PLTU,40.099998474121094,40.099998474121094,33.7599983215332,34.93000030517578,6287500
2026-04-10,BULL,5.0,5.050000190734863,4.914999961853027,4.929999828338623,6190900
2026-04-10,LIDR,1.600000023841858,1.6399999856948853,1.5700000524520874,1.5800000429153442,696000
2026-04-10,ORBS,0.8650000095367432,0.8949999809265137,0.7940000295639038,0.843999981880188,26674700
2026-04-10,ORCL,137.32000732421875,140.1699981689453,134.57000732421875,138.08999633789062,26171800
2026-04-10,PLTR,128.47999572753906,129.1999969482422,122.68000030517578,128.05999755859375,116656800
2026-04-10,PLTU,33.78499984741211,34.18000030517578,30.709999084472656,33.59000015258789,9110000
2026-04-13,BULL,4.849999904632568,5.284999847412109,4.815000057220459,5.28000020980835,7831400
2026-04-13,LIDR,1.559999942779541,1.6549999713897705,1.5499999523162842,1.6299999952316284,547400
2026-04-13,ORBS,0.843999981880188,0.9779999852180481,0.8330000042915344,0.9710000157356262,27130900
2026-04-13,ORCL,139.77000427246094,155.91000366210938,139.72000122070312,155.6199951171875,49997700
2026-04-13,PLTR,130.22999572753906,134.4199981689453,129.14999389648438,132.3699951171875,65772800
2026-04-13,PLTU,34.70000076293945,36.88999938964844,34.13999938964844,35.79999923706055,5828300
2026-04-14,BULL,5.429999828338623,5.849999904632568,5.400000095367432,5.820000171661377,15441400
2026-04-14,LIDR,1.6699999570846558,1.7000000476837158,1.6150000095367432,1.649999976158142,716300
2026-04-14,ORBS,1.0099999904632568,1.0700000524520874,0.8939999938011169,0.9070000052452087,27958900
2026-04-14,ORCL,167.92999267578125,169.39999389648438,161.55999755859375,163.0,59779800
2026-04-14,PLTR,134.427001953125,138.07000732421875,134.0,135.6999969482422,52786800
2026-04-14,PLTU,36.82500076293945,38.86000061035156,36.70000076293945,37.68000030517578,3880700
2026-04-15,BULL,6.289999961853027,6.599999904632568,6.179999828338623,6.46999979019165,37720800
2026-04-15,LIDR,1.6799999475479126,1.7899999618530273,1.6699999570846558,1.7599999904632568,802000
2026-04-15,ORBS,0.9129999876022339,1.190000057220459,0.9010000228881836,1.1399999856948853,24410700
2026-04-15,ORCL,166.88999938964844,172.55999755859375,166.2100067138672,169.80999755859375,43010800
2026-04-15,PLTR,136.7899932861328,142.5800018310547,134.92999267578125,142.14999389648438,48389400
2026-04-15,PLTU,38.255001068115234,41.369998931884766,37.18000030517578,41.18000030517578,4023100
2026-04-16,BULL,6.465000152587891,6.570000171661377,6.159999847412109,6.480000019073486,20503200
2026-04-16,LIDR,1.7699999809265137,1.7899999618530273,1.725000023841858,1.7699999809265137,632500
2026-04-16,ORBS,1.100000023841858,1.25,1.0199999809265137,1.2400000095367432,32260600
2026-04-16,ORCL,176.4199981689453,180.27000427246094,173.8000030517578,178.33999633789062,46997300
2026-04-16,PLTR,144.2899932861328,145.5500030517578,139.52999877929688,142.75999450683594,43746000
2026-04-16,PLTU,42.439998626708984,42.63999938964844,39.630001068115234,41.470001220703125,3199700
2026-04-17,BULL,6.65500020980835,6.760000228881836,6.46999979019165,6.71999979019165,20201900
2026-04-17,LIDR,1.809999942779541,1.840000033378601,1.7599999904632568,1.7999999523162842,925500
2026-04-17,ORBS,1.2599999904632568,1.3200000524520874,1.0299999713897705,1.059999942779541,40217400
2026-04-17,ORCL,182.92999267578125,184.5,173.36000061035156,175.05999755859375,45282600
2026-04-17,PLTR,145.31500244140625,148.27999877929688,143.3000030517578,146.38999938964844,50657600
2026-04-17,PLTU,42.939998626708984,44.66999816894531,41.779998779296875,43.58000183105469,4019400
2026-04-20,BULL,6.650000095367432,7.03000020980835,6.590000152587891,7.010000228881836,19396800
2026-04-20,LIDR,1.7599999904632568,1.7799999713897705,1.7200000286102295,1.7400000095367432,622900
2026-04-20,ORBS,1.0299999713897705,1.0700000524520874,0.9520000219345093,1.0099999904632568,17508100
2026-04-20,ORCL,176.80999755859375,177.75999450683594,173.50999450683594,177.5800018310547,22330900
2026-04-20,PLTR,145.0,147.1999969482422,143.8300018310547,145.88999938964844,33482700
2026-04-20,PLTU,42.69499969482422,44.04999923706055,42.04999923706055,43.2599983215332,2188900
2026-04-21,BULL,7.429999828338623,7.519999980926514,6.940000057220459,7.019999980926514,41093300
2026-04-21,LIDR,1.7400000095367432,1.8049999475479126,1.7100000381469727,1.7100000381469727,719600
2026-04-21,ORBS,1.0750000476837158,1.0800000429153442,0.9210000038146973,0.9340000152587891,20835800
2026-04-21,ORCL,178.35000610351562,185.33999633789062,176.00999450683594,181.1699981689453,39638000
2026-04-21,PLTR,146.80999755859375,149.8699951171875,143.99899291992188,145.97000122070312,44830000
2026-04-21,PLTU,43.84000015258789,45.619998931884766,42.130001068115234,43.29999923706055,2737700
2026-04-22,BULL,7.199999809265137,7.420000076293945,7.050000190734863,7.269999980926514,17777700
2026-04-22,LIDR,1.7300000190734863,1.840000033378601,1.7300000190734863,1.809999942779541,649400
2026-04-22,ORBS,0.9700000286102295,1.0199999809265137,0.9620000123977661,0.9789999723434448,15858600
2026-04-22,ORCL,186.17999267578125,189.17999267578125,182.8000030517578,187.5,32448800
2026-04-22,PLTR,148.36000061035156,152.67999267578125,147.41000366210938,152.6199951171875,43701500
2026-04-22,PLTU,44.75,47.25299835205078,44.150001525878906,47.20000076293945,2139200
2026-04-23,BULL,7.090000152587891,7.159999847412109,6.71999979019165,6.909999847412109,14958100
2026-04-23,LIDR,1.7899999618530273,1.840000033378601,1.659999966621399,1.690000057220459,820900
2026-04-23,ORBS,0.9649999737739563,0.9649999737739563,0.9179999828338623,0.9269999861717224,10203900
2026-04-23,ORCL,180.39999389648438,181.88999938964844,174.0800018310547,176.27999877929688,37084200
2026-04-23,PLTR,149.6999969482422,150.2899932861328,139.9199981689453,141.57000732421875,58654400
2026-04-23,PLTU,45.2599983215332,45.779998779296875,39.380001068115234,40.439998626708984,3526400
2026-04-24,BULL,6.960000038146973,7.010000228881836,6.742000102996826,6.900000095367432,10548200
2026-04-24,LIDR,2.240000009536743,3.049999952316284,2.1500000953674316,2.190000057220459,103411600
2026-04-24,ORBS,0.9449999928474426,0.949999988079071,0.8899999856948853,0.9020000100135803,10577500
2026-04-24,ORCL,180.50999450683594,180.7100067138672,168.8000030517578,173.27999877929688,33215000
2026-04-24,PLTR,142.9600067138672,143.3300018310547,138.92999267578125,143.08999633789062,38677200
2026-04-24,PLTU,41.20000076293945,41.40999984741211,38.84000015258789,41.20000076293945,3048700
2026-04-27,BULL,6.8460001945495605,7.394999980926514,6.7820000648498535,7.139999866485596,13081800
2026-04-27,LIDR,2.259999990463257,2.2799999713897705,2.119999885559082,2.140000104904175,3473700
2026-04-27,ORBS,0.8939999938011169,0.9049999713897705,0.8610000014305115,0.8730000257492065,10703400
2026-04-27,ORCL,172.5800018310547,173.5500030517578,167.89999389648438,172.9600067138672,21616600
2026-04-27,PLTR,141.25,145.07000732421875,141.00999450683594,143.10000610351562,31275400
2026-04-27,PLTU,40.11000061035156,42.33000183105469,40.0099983215332,41.209999084472656,1728800
2026-04-28,BULL,7.019999980926514,7.114999771118164,6.860000133514404,7.099999904632568,8201100
2026-04-28,LIDR,2.200000047683716,2.4200000762939453,2.119999885559082,2.180000066757202,4719200
2026-04-28,ORBS,0.8600000143051147,0.875,0.8169999718666077,0.8289999961853027,14100300
2026-04-28,ORCL,162.16000366210938,168.6999969482422,162.0500030517578,165.9600067138672,33716500
2026-04-28,PLTR,142.3000030517578,143.85000610351562,140.4199981689453,141.17999267578125,24757200
2026-04-28,PLTU,40.560001373291016,41.560001373291016,39.68000030517578,40.09000015258789,1356100
2026-04-29,BULL,6.909999847412109,6.929999828338623,6.519999980926514,6.760000228881836,16954900
2026-04-29,LIDR,2.1510000228881836,2.180000066757202,2.0250000953674316,2.0899999141693115,1600000
2026-04-29,ORBS,0.8349999785423279,0.8410000205039978,0.7839999794960022,0.7860000133514404,12704100
2026-04-29,ORCL,164.0399932861328,164.75999450683594,160.64999389648438,163.8300018310547,20587500
2026-04-29,PLTR,139.75999450683594,139.75999450683594,134.67999267578125,137.97000122070312,33348100
2026-04-29,PLTU,39.20000076293945,39.25,36.400001525878906,38.29999923706055,1766200
2026-04-30,BULL,6.75,6.940000057220459,6.664999961853027,6.829999923706055,7918300
2026-04-30,LIDR,2.0799999237060547,2.0899999141693115,1.9500000476837158,2.0399999618530273,1402800
2026-04-30,ORBS,0.7699999809265137,0.8100000023841858,0.7649999856948853,0.7889999747276306,11310100
2026-04-30,ORCL,162.02000427246094,165.17999267578125,160.3300018310547,161.38999938964844,21016400
2026-04-30,PLTR,138.47500610351562,140.1999969482422,136.64999389648438,139.11000061035156,32523600
2026-04-30,PLTU,38.310001373291016,39.47999954223633,37.52399826049805,38.83000183105469,1611700
2026-05-01,BULL,6.900000095367432,7.105000019073486,6.760000228881836,7.03000020980835,9890000
2026-05-01,LIDR,2.0199999809265137,2.0999999046325684,1.9900000095367432,2.0399999618530273,1066900
2026-05-01,ORBS,0.800000011920929,0.8299999833106995,0.7900000214576721,0.8240000009536743,10644200
2026-05-01,ORCL,166.4199981689453,174.3000030517578,166.14999389648438,171.8300018310547,26318000
2026-05-01,PLTR,143.25,146.44000244140625,141.38999938964844,144.07000732421875,33219900
2026-05-01,PLTU,41.18000030517578,42.933998107910156,40.13999938964844,41.59000015258789,2561800
2026-05-04,BULL,7.019999980926514,7.426000118255615,6.985000133514404,7.170000076293945,12814500
2026-05-04,LIDR,2.0199999809265137,2.059999942779541,1.9299999475479126,1.9500000476837158,1380600
2026-05-04,ORBS,0.8199999928474426,0.8769999742507935,0.8140000104904175,0.8240000009536743,12011200
2026-05-04,ORCL,176.02000427246094,183.5,174.25999450683594,180.2899932861328,33504500
2026-05-04,PLTR,147.75,149.63999938964844,145.22500610351562,146.02999877929688,70525900
2026-05-04,PLTU,43.779998779296875,44.79999923706055,42.27000045776367,42.83000183105469,7011900
2026-05-05,BULL,7.25,7.514999866485596,7.03000020980835,7.329999923706055,11508700
2026-05-05,LIDR,1.9800000190734863,1.9989999532699585,1.9199999570846558,1.9700000286102295,882400
2026-05-05,ORBS,0.8489999771118164,0.8600000143051147,0.7749999761581421,0.7950000166893005,16082200
2026-05-05,ORCL,182.1300048828125,186.52000427246094,179.0,185.35000610351562,23497200
2026-05-05,PLTR,140.2949981689453,142.97999572753906,134.72000122070312,135.91000366210938,89747100
2026-05-05,PLTU,39.35499954223633,40.91999816894531,36.13800048828125,36.79999923706055,9414300
2026-05-06,BULL,7.420000076293945,7.440000057220459,7.23799991607666,7.320000171661377,9088200
2026-05-06,LIDR,2.009999990463257,2.109999895095825,1.9450000524520874,2.059999942779541,1419600
2026-05-06,ORBS,0.8130000233650208,0.8500000238418579,0.7960000038146973,0.8429999947547913,13966900
2026-05-06,ORCL,186.1999969482422,194.2899932861328,182.6699981689453,194.02999877929688,27685500
2026-05-06,PLTR,133.7100067138672,135.6999969482422,131.14999389648438,133.7899932861328,55524800
2026-05-06,PLTU,35.6349983215332,36.66999816894531,34.25,35.665000915527344,4263500
2026-05-07,BULL,7.289999961853027,7.340000152587891,7.050000190734863,7.210000038146973,8524600
2026-05-07,LIDR,2.0399999618530273,2.049999952316284,1.8899999856948853,1.8899999856948853,1225500
2026-05-07,ORBS,0.8529999852180481,0.8700000047683716,0.8100000023841858,0.8169999718666077,9033500
2026-05-07,ORCL,198.61000061035156,200.14999389648438,190.8000030517578,194.58999633789062,31803200
2026-05-07,PLTR,135.10000610351562,140.9499969482422,134.77999877929688,137.0500030517578,50184900
2026-05-07,PLTU,36.31999969482422,39.43000030517578,36.16999816894531,37.38999938964844,6226100
2026-05-08,BULL,7.179999828338623,7.179999828338623,6.953999996185303,7.03000020980835,8140000
2026-05-08,LIDR,1.8799999952316284,2.009999990463257,1.850000023841858,1.9900000095367432,1113100
2026-05-08,ORBS,0.8080000281333923,0.8930000066757202,0.7900000214576721,0.8709999918937683,13903300
2026-05-08,ORCL,192.5800018310547,198.0,190.2100067138672,195.9499969482422,21158300
2026-05-08,PLTR,135.86500549316406,137.8800048828125,133.02000427246094,137.8000030517578,41745400
2026-05-08,PLTU,36.66999816894531,37.77899932861328,35.13999938964844,37.75,3831200
2026-05-11,BULL,6.925000190734863,7.170000076293945,6.800000190734863,7.070000171661377,9554300
2026-05-11,LIDR,2.0,2.1449999809265137,1.9500000476837158,2.130000114440918,1667400
2026-05-11,ORBS,0.8690000176429749,0.9449999928474426,0.8450000286102295,0.9010000228881836,19948400
2026-05-11,ORCL,192.14999389648438,195.67999267578125,190.60000610351562,193.83999633789062,16890600
2026-05-11,PLTR,134.91000366210938,137.13999938964844,132.77099609375,136.88999938964844,41414500
2026-05-11,PLTU,36.11000061035156,37.31999969482422,34.97999954223633,37.20000076293945,4245300
2026-05-12,BULL,6.960000038146973,7.039999961853027,6.824999809265137,7.019999980926514,7949700
2026-05-12,LIDR,2.0899999141693115,2.234999895095825,2.059999942779541,2.1500000953674316,1474400
2026-05-12,ORBS,0.8809999823570251,0.9580000042915344,0.8500000238418579,0.8980000019073486,15943400
2026-05-12,ORCL,192.9199981689453,192.9199981689453,180.8699951171875,186.8300018310547,22123400
2026-05-12,PLTR,136.60000610351562,137.42999267578125,133.4600067138672,136.0,38781100
2026-05-12,PLTU,36.939998626708984,37.5,35.35499954223633,36.72999954223633,2786800
2026-05-13,BULL,6.945000171661377,7.139999866485596,6.730000019073486,7.079999923706055,8954500
2026-05-13,LIDR,2.2799999713897705,2.5,2.2139999866485596,2.430000066757202,5360300
2026-05-13,ORBS,0.8799999952316284,0.8849999904632568,0.8230000138282776,0.8479999899864197,13536300
2026-05-13,ORCL,189.02999877929688,191.57000732421875,185.05999755859375,189.75999450683594,15789300
2026-05-13,PLTR,134.00599670410156,136.99000549316406,128.75,130.0500030517578,55189400
2026-05-13,PLTU,35.630001068115234,37.209999084472656,32.810001373291016,33.52000045776367,6298900
2026-05-14,BULL,7.050000190734863,7.46999979019165,6.929999828338623,7.300000190734863,11705200
2026-05-14,LIDR,1.9299999475479126,2.0899999141693115,1.9199999570846558,2.0799999237060547,3670100
2026-05-14,ORBS,0.8500000238418579,0.9290000200271606,0.8299999833106995,0.8899999856948853,14128500
2026-05-14,ORCL,188.17999267578125,200.7100067138672,185.4499969482422,195.61000061035156,22545000
2026-05-14,PLTR,129.64999389648438,134.47999572753906,129.4499969482422,133.72999572753906,37052600
2026-05-14,PLTU,33.31999969482422,35.77000045776367,33.18000030517578,35.380001068115234,3110400
2026-05-15,BULL,7.110000133514404,7.170000076293945,6.949999809265137,7.059999942779541,14107800
2026-05-15,LIDR,2.0,2.0199999809265137,1.8200000524520874,1.8899999856948853,3394300
2026-05-15,ORBS,0.8600000143051147,0.8610000014305115,0.8199999928474426,0.8199999928474426,14044400
2026-05-15,ORCL,190.49000549316406,196.42999267578125,188.89999389648438,192.9499969482422,15747100
2026-05-15,PLTR,132.8000030517578,135.63999938964844,132.2899932861328,133.99000549316406,32629700
2026-05-15,PLTU,35.02000045776367,36.349998474121094,34.63999938964844,35.5,2475200
2026-05-18,BULL,7.039999961853027,7.269999980926514,6.8520002365112305,7.059999942779541,12762300
2026-05-18,LIDR,1.8799999952316284,1.909999966621399,1.809999942779541,1.8600000143051147,898100
2026-05-18,ORBS,0.8199999928474426,0.8199999928474426,0.7419999837875366,0.7559999823570251,19916600
2026-05-18,ORCL,190.0,190.75999450683594,183.27000427246094,186.61000061035156,19114300
2026-05-18,PLTR,132.5,135.93499755859375,131.3300018310547,135.13999938964844,32034600
2026-05-18,PLTU,34.599998474121094,37.0099983215332,34.119998931884766,36.09000015258789,2197000
2026-05-19,BULL,7.000999927520752,7.130000114440918,6.875,7.0,11078700
2026-05-19,LIDR,1.8300000429153442,1.8600000143051147,1.7699999809265137,1.7999999523162842,919100
2026-05-19,ORBS,0.7599999904632568,0.7630000114440918,0.7300000190734863,0.7300000190734863,9712300
2026-05-19,ORCL,186.0,188.72000122070312,180.92999267578125,181.4600067138672,16717700
2026-05-19,PLTR,135.1699981689453,137.47000122070312,133.60000610351562,135.25999450683594,29777300
2026-05-19,PLTU,36.189998626708984,37.327999114990234,35.28499984741211,36.130001068115234,2124700
2026-05-20,BULL,7.0,7.166999816894531,6.929999828338623,6.989999771118164,10252400
2026-05-20,LIDR,1.7899999618530273,1.8580000400543213,1.7599999904632568,1.8300000429153442,801300
2026-05-20,ORBS,0.7400000095367432,0.9800000190734863,0.7250000238418579,0.8999999761581421,58131200
2026-05-20,ORCL,179.94000244140625,188.22000122070312,178.8000030517578,188.16000366210938,16517200
2026-05-20,PLTR,134.14500427246094,137.24000549316406,132.4199981689453,137.14999389648438,31307700
2026-05-20,PLTU,35.5,37.16999816894531,34.619998931884766,37.119998931884766,2112300
2026-05-21,BULL,6.949999809265137,7.204999923706055,6.460000038146973,6.610000133514404,33988700
2026-05-21,LIDR,1.809999942779541,1.9199999570846558,1.8040000200271606,1.909999966621399,921900
2026-05-21,ORBS,0.875,0.9549999833106995,0.859000027179718,0.9100000262260437,20360000
2026-05-21,ORCL,189.00999450683594,192.82000732421875,187.1999969482422,189.77000427246094,12119700
2026-05-21,PLTR,135.8000030517578,138.5500030517578,135.4199981689453,137.4149932861328,24311900
2026-05-21,PLTU,36.45500183105469,37.880001068115234,36.349998474121094,37.25,1630400
2026-05-22,BULL,6.5,6.570000171661377,6.059999942779541,6.179999828338623,27372800
2026-05-22,LIDR,1.899999976158142,1.9700000286102295,1.8899999856948853,1.8899999856948853,972700
2026-05-22,ORBS,0.9399999976158142,1.065000057220459,0.9010000228881836,0.9449999928474426,33289000
2026-05-22,ORCL,191.6699981689453,197.0,191.10000610351562,192.0800018310547,10875800
2026-05-22,PLTR,137.4250030517578,139.02000427246094,134.3000030517578,136.8800048828125,27578000
2026-05-22,PLTU,37.189998626708984,38.11000061035156,35.540000915527344,36.91999816894531,2114700
2026-05-26,BULL,6.190000057220459,6.445000171661377,6.099999904632568,6.260000228881836,13968900
2026-05-26,LIDR,1.9299999475479126,2.0199999809265137,1.909999966621399,1.9600000381469727,1119700
2026-05-26,ORBS,1.0800000429153442,1.2100000381469727,1.0099999904632568,1.0299999713897705,47329000
2026-05-26,ORCL,193.3000030517578,195.1999969482422,190.55999755859375,193.05999755859375,12856100
2026-05-26,PLTR,136.16000366210938,138.67999267578125,133.3000030517578,136.60000610351562,31723900
2026-05-26,PLTU,36.53499984741211,37.900001525878906,35.0,36.7599983215332,2779900
2026-05-27,BULL,6.199999809265137,6.369999885559082,6.159999847412109,6.21999979019165,12784700
2026-05-27,LIDR,1.9500000476837158,1.9900000095367432,1.909999966621399,1.9800000190734863,901800
2026-05-27,ORBS,1.0199999809265137,1.0299999713897705,0.9039999842643738,0.9269999861717224,27536700
2026-05-27,ORCL,191.47999572753906,192.13999938964844,187.9199981689453,190.9600067138672,12126000
2026-05-27,PLTR,133.3000030517578,135.72999572753906,131.6300048828125,132.50999450683594,34159800
2026-05-27,PLTU,34.98500061035156,36.290000915527344,34.099998474121094,34.58000183105469,2679800
2026-05-28,BULL,6.110000133514404,6.340000152587891,5.960000038146973,6.329999923706055,10525800
2026-05-28,LIDR,1.9600000381469727,2.0799999237060547,1.940000057220459,2.0399999618530273,1413600
2026-05-28,ORBS,0.8930000066757202,0.9900000095367432,0.8600000143051147,0.9620000123977661,21877300
2026-05-28,ORCL,194.0399932861328,205.0,193.3800048828125,203.6999969482422,25339900
2026-05-28,PLTR,133.16000366210938,145.0,133.0,143.33999633789062,52085200
2026-05-28,PLTU,34.869998931884766,40.220001220703125,34.84000015258789,40.16999816894531,5053800
2026-05-29,BULL,6.355000019073486,6.639999866485596,6.289999961853027,6.400000095367432,16258500
2026-05-29,LIDR,2.0399999618530273,2.072000026702881,1.9600000381469727,2.0,918400
2026-05-29,ORBS,0.9599999785423279,0.9779999852180481,0.8830000162124634,0.9259999990463257,15028900
2026-05-29,ORCL,209.0,226.2899932861328,208.00999450683594,225.77999877929688,41082200
2026-05-29,PLTR,147.8249969482422,157.7790069580078,145.7899932861328,156.5399932861328,92196600
2026-05-29,PLTU,42.810001373291016,48.279998779296875,41.56999969482422,47.59000015258789,8828000
2026-06-01,BULL,6.349999904632568,6.610000133514404,6.199999809265137,6.599999904632568,14351800
2026-06-01,LIDR,2.0,2.1050000190734863,1.9800000190734863,2.0399999618530273,812900
2026-06-01,ORBS,0.9570000171661377,1.0950000286102295,0.9279999732971191,1.0,27925900
2026-06-01,ORCL,230.5,250.25,224.60000610351562,248.14999389648438,48390000
2026-06-01,PLTR,159.97999572753906,163.6999969482422,155.8800048828125,160.64999389648438,57654000
2026-06-01,PLTU,49.63999938964844,51.900001525878906,47.16999816894531,50.04999923706055,5825900
2026-06-02,BULL,6.5,6.585000038146973,6.179999828338623,6.210000038146973,9924600
2026-06-02,LIDR,2.0199999809265137,2.130000114440918,2.0199999809265137,2.0799999237060547,967400
2026-06-02,ORBS,1.0099999904632568,1.0199999809265137,0.8809999823570251,0.8999999761581421,25170600
2026-06-02,ORCL,242.8000030517578,249.0,238.83999633789062,244.5800018310547,30294800
2026-06-02,PLTR,156.69000244140625,159.5500030517578,149.8000030517578,152.1699981689453,43163100
2026-06-02,PLTU,47.56999969482422,49.35499954223633,43.310001373291016,44.7599983215332,4524300
2026-06-03,BULL,6.099999904632568,6.139999866485596,5.800000190734863,5.900000095367432,18665000
2026-06-03,LIDR,2.049999952316284,2.059999942779541,1.9800000190734863,1.9900000095367432,1029500
2026-06-03,ORBS,0.9800000190734863,1.0199999809265137,0.925000011920929,0.9380000233650208,33202500
2026-06-03,ORCL,240.47999572753906,240.50999450683594,227.61000061035156,230.3300018310547,23644700
2026-06-03,PLTR,149.6999969482422,151.67999267578125,141.25,142.1999969482422,41072500
2026-06-03,PLTU,43.290000915527344,44.404998779296875,38.35900115966797,38.93000030517578,3146500
2026-06-04,BULL,5.920000076293945,6.130000114440918,5.900000095367432,6.099999904632568,10572700
2026-06-04,LIDR,1.9500000476837158,2.059999942779541,1.909999966621399,1.9600000381469727,1025200
2026-06-04,ORBS,0.9169999957084656,1.0299999713897705,0.8700000047683716,0.972000002861023,26062800
2026-06-04,ORCL,227.0,238.9499969482422,224.0,236.33999633789062,19993800
2026-06-04,PLTR,145.4600067138672,146.3699951171875,140.27200317382812,141.6999969482422,40834000
2026-06-04,PLTU,40.619998931884766,41.15999984741211,37.849998474121094,38.619998931884766,3562600
2026-06-05,BULL,6.0,6.03000020980835,5.579999923706055,5.599999904632568,11571300
2026-06-05,LIDR,1.9299999475479126,1.940000057220459,1.7699999809265137,1.7999999523162842,1396200
2026-06-05,ORBS,0.9309999942779541,0.9539999961853027,0.8399999737739563,0.8700000047683716,28324800
2026-06-05,ORCL,229.49000549316406,231.44000244140625,209.4499969482422,213.67999267578125,29019900
2026-06-05,PLTR,140.3249969482422,141.97000122070312,134.02499389648438,135.52999877929688,38283500
2026-06-05,PLTU,37.845001220703125,38.70000076293945,34.41999816894531,35.2599983215332,2242100
2026-06-08,BULL,5.650000095367432,5.818999767303467,5.599999904632568,5.670000076293945,11857100
2026-06-08,LIDR,1.8300000429153442,1.8799999952316284,1.75,1.8200000524520874,1435500
2026-06-08,ORBS,0.9190000295639038,0.9200000166893005,0.8640000224113464,0.8730000257492065,15630200
2026-06-08,ORCL,217.75,219.05999755859375,209.3300018310547,211.82000732421875,17227200
2026-06-08,PLTR,135.67999267578125,137.75999450683594,135.27999877929688,136.47000122070312,26978900
2026-06-08,PLTU,35.16999816894531,36.345001220703125,35.06999969482422,35.66999816894531,1667300
2026-06-09,BULL,5.659999847412109,5.875,5.369999885559082,5.5,14417200
2026-06-09,LIDR,1.8200000524520874,1.8600000143051147,1.659999966621399,1.7300000190734863,1388200
2026-06-09,ORBS,0.9150000214576721,1.0399999618530273,0.8799999952316284,0.9409999847412109,32537300
2026-06-09,ORCL,213.91000366210938,220.5,197.7899932861328,205.80999755859375,26040700
2026-06-09,PLTR,134.8699951171875,136.99000549316406,127.3499984741211,132.07000732421875,38680000
2026-06-09,PLTU,34.900001525878906,35.952999114990234,30.920000076293945,33.400001525878906,2395700
2026-06-10,BULL,5.409999847412109,6.300000190734863,5.409999847412109,6.119999885559082,25971400
2026-06-10,LIDR,1.6799999475479126,1.7289999723434448,1.5800000429153442,1.6100000143051147,2512400
2026-06-10,ORBS,0.9259999990463257,0.9879999756813049,0.8899999856948853,0.8899999856948853,16489200
2026-06-10,ORCL,198.5,212.47999572753906,198.17999267578125,201.25999450683594,46108300
2026-06-10,PLTR,129.3249969482422,133.18499755859375,128.8000030517578,130.2100067138672,30612600
2026-06-10,PLTU,32.029998779296875,33.93000030517578,31.729999542236328,32.439998626708984,1666700
2026-06-11,BULL,6.079999923706055,6.769999980926514,6.019999980926514,6.730000019073486,22041700
2026-06-11,LIDR,1.600000023841858,1.659999966621399,1.5800000429153442,1.6200000047683716,1042900
2026-06-11,ORBS,0.890999972820282,0.9300000071525574,0.8799999952316284,0.8899999856948853,17003800
2026-06-11,ORCL,179.6699981689453,184.77000427246094,175.27999877929688,184.10000610351562,63678500
2026-06-11,PLTR,128.77999877929688,131.52000427246094,127.16999816894531,131.0800018310547,27554500
2026-06-11,PLTU,31.850000381469727,33.02000045776367,30.93000030517578,32.83000183105469,1929300
2026-06-12,BULL,6.699999809265137,6.809999942779541,6.420000076293945,6.539999961853027,12589500
2026-06-12,LIDR,1.600000023841858,1.6349999904632568,1.5700000524520874,1.600000023841858,1034200
2026-06-12,ORBS,0.8849999904632568,0.9430000185966492,0.8700000047683716,0.878000020980835,13520900
2026-06-12,ORCL,185.00999450683594,185.5800018310547,179.0,184.1300048828125,29562300
2026-06-12,PLTR,130.9149932861328,131.08999633789062,126.6500015258789,127.98999786376953,35378000
2026-06-12,PLTU,32.7599983215332,32.8650016784668,30.600000381469727,31.280000686645508,2540700
2026-06-12,SPCX,150.0,176.52000427246094,149.33999633789062,160.9499969482422,519234800
2026-06-15,BULL,6.789999961853027,7.175000190734863,6.789999961853027,6.860000133514404,15149700
2026-06-15,LIDR,1.6399999856948853,1.6699999570846558,1.6050000190734863,1.6100000143051147,1286000
2026-06-15,ORBS,0.9769999980926514,1.059999942779541,0.968999981880188,1.0499999523162842,32452900
2026-06-15,ORCL,187.38999938964844,195.32000732421875,186.2100067138672,192.63999938964844,20279900
2026-06-15,PLTR,130.02000427246094,134.97999572753906,129.6999969482422,134.7100067138672,41748200
2026-06-15,PLTU,32.2400016784668,34.69900131225586,32.119998931884766,34.529998779296875,3244300
2026-06-15,SPCX,171.74000549316406,193.0,168.35000610351562,192.5,256226600
2026-06-16,BULL,6.809999942779541,6.965000152587891,6.699999809265137,6.71999979019165,8073800
2026-06-16,LIDR,1.6100000143051147,1.625,1.5199999809265137,1.5199999809265137,1841100
2026-06-16,ORBS,1.0399999618530273,1.1200000047683716,1.0299999713897705,1.0800000429153442,35265200
2026-06-16,ORCL,190.00999450683594,195.32000732421875,187.66000366210938,188.3300018310547,16985500
2026-06-16,PLTR,134.58999633789062,134.58999633789062,129.6199951171875,133.25,30409900
2026-06-16,PLTU,34.369998931884766,34.369998931884766,31.954999923706055,33.7599983215332,2108500
2026-06-16,SPCX,200.50999450683594,225.63999938964844,199.97999572753906,211.38999938964844,195401600
2026-06-17,BULL,6.699999809265137,7.380000114440918,6.670000076293945,7.119999885559082,17936900
2026-06-17,LIDR,1.559999942779541,1.6150000095367432,1.5329999923706055,1.5549999475479126,1048300
2026-06-17,ORBS,1.0700000524520874,1.1299999952316284,1.0199999809265137,1.0299999713897705,23917800
2026-06-17,ORCL,186.16000366210938,190.19000244140625,182.5800018310547,183.52999877929688,16616600
2026-06-17,PLTR,131.75999450683594,136.10000610351562,129.9199981689453,130.6300048828125,32290800
2026-06-17,PLTU,33.0099983215332,35.220001220703125,32.11000061035156,32.47999954223633,2612400
2026-06-17,SPCX,209.83999633789062,213.8000030517578,187.00999450683594,191.82000732421875,201719500
2026-06-18,BULL,7.150000095367432,7.329999923706055,6.949999809265137,7.079999923706055,11594600
2026-06-18,LIDR,1.590000033378601,1.590000033378601,1.440000057220459,1.4500000476837158,4400200
2026-06-18,ORBS,1.0499999523162842,1.0549999475479126,0.9850000143051147,1.0299999713897705,28190300
2026-06-18,ORCL,183.00999450683594,187.99000549316406,177.6999969482422,184.2899932861328,31386100
2026-06-18,PLTR,130.83999633789062,131.42999267578125,125.01000213623047,128.47000122070312,55338000
2026-06-18,PLTU,32.56999969482422,32.79999923706055,29.625,31.360000610351562,2971400
2026-06-18,SPCX,188.38999938964844,190.0,172.11000061035156,185.0,272126800
2026-06-22,BULL,7.019999980926514,7.340000152587891,6.849999904632568,6.860000133514404,7607100
2026-06-22,LIDR,1.4600000381469727,1.524999976158142,1.4500000476837158,1.4500000476837158,839200
2026-06-22,ORBS,1.0299999713897705,1.0800000429153442,0.9309999942779541,0.949999988079071,23470200
2026-06-22,ORCL,182.30999755859375,184.5800018310547,174.39999389648438,175.07000732421875,22935400
2026-06-22,PLTR,125.73999786376953,128.8699951171875,119.19999694824219,119.5,56924500
2026-06-22,PLTU,30.010000228881836,31.520000457763672,26.850000381469727,26.989999771118164,4118800
2026-06-22,SPCX,176.0399932861328,176.75,154.0,154.60000610351562,169183800
2026-06-23,BULL,6.800000190734863,6.949999809265137,6.610000133514404,6.639999866485596,6794200
2026-06-23,LIDR,1.4199999570846558,1.465000033378601,1.409999966621399,1.4199999570846558,757100
2026-06-23,ORBS,0.9049999713897705,0.9399999976158142,0.8949999809265137,0.9010000228881836,10030500
2026-06-23,ORCL,170.22999572753906,174.3300018310547,164.61000061035156,165.16000366210938,33327900
2026-06-23,PLTR,120.1500015258789,120.94000244140625,116.18000030517578,116.69999694824219,44661900
2026-06-23,PLTU,26.989999771118164,27.360000610351562,25.219999313354492,25.489999771118164,3282100
2026-06-23,SPCX,151.05999755859375,165.5,147.11000061035156,156.11000061035156,155848100
2026-06-24,BULL,6.650000095367432,6.835000038146973,6.590000152587891,6.710000038146973,11113300
2026-06-24,LIDR,1.4199999570846558,1.434999942779541,1.2999999523162842,1.3300000429153442,1778600
2026-06-24,ORBS,0.8999999761581421,0.9100000262260437,0.7710000276565552,0.7799999713897705,27117100
2026-06-24,ORCL,162.47999572753906,165.75,155.35000610351562,157.52999877929688,38305000
2026-06-24,PLTR,114.12000274658203,118.0,112.25,113.5,46520700
2026-06-24,PLTU,24.290000915527344,25.920000076293945,23.510000228881836,24.030000686645508,4110900
2026-06-24,SPCX,154.1999969482422,159.86000061035156,150.72000122070312,154.5399932861328,76101500
2026-06-25,BULL,6.789999961853027,6.840000152587891,6.320000171661377,6.510000228881836,10945500
2026-06-25,LIDR,1.350000023841858,1.3600000143051147,1.2799999713897705,1.2899999618530273,973500
2026-06-25,ORBS,0.8050000071525574,0.8199999928474426,0.7210000157356262,0.75,18173500
2026-06-25,ORCL,157.35000610351562,157.6199951171875,150.36000061035156,152.4600067138672,36844400
2026-06-25,PLTR,111.37999725341797,112.1500015258789,106.37000274658203,107.2699966430664,61840100
2026-06-25,PLTU,23.110000610351562,23.43000030517578,21.040000915527344,21.440000534057617,3951700
2026-06-25,SPCX,156.6300048828125,160.64999389648438,150.0,153.0,62212400
2026-06-26,BULL,6.420000076293945,6.880000114440918,6.420000076293945,6.820000171661377,24090300
2026-06-26,LIDR,1.2799999713897705,1.340000033378601,1.2649999856948853,1.309999942779541,931400
2026-06-26,ORBS,0.7200000286102295,0.7900000214576721,0.7170000076293945,0.7360000014305115,10611000
2026-06-26,ORCL,150.25999450683594,153.5399932861328,148.0,148.52999877929688,36532100
2026-06-26,PLTR,109.04000091552734,114.08000183105469,108.47000122070312,112.93000030517578,61360500
2026-06-26,PLTU,22.174999237060547,24.09000015258789,21.899999618530273,23.639999389648438,3714700
2026-06-26,SPCX,150.6199951171875,158.39999389648438,148.50999450683594,153.22999572753906,126932900
2026-06-29,BULL,6.860000133514404,6.920000076293945,6.605000019073486,6.75,7077000
2026-06-29,LIDR,1.3200000524520874,1.3949999809265137,1.274999976158142,1.3799999952316284,1040900
2026-06-29,ORBS,0.7400000095367432,0.7459999918937683,0.675000011920929,0.699999988079071,19028200
2026-06-29,ORCL,153.94000244140625,154.5,145.1999969482422,147.75999450683594,34310300
2026-06-29,PLTR,116.2300033569336,119.08000183105469,114.69999694824219,115.69999694824219,45017400
2026-06-29,PLTU,25.040000915527344,26.200000762939453,24.3799991607666,24.799999237060547,3974600
2026-06-29,SPCX,157.36000061035156,166.1699981689453,151.74000549316406,164.19000244140625,81443100
2026-06-30,BULL,6.764999866485596,6.764999866485596,6.510000228881836,6.519999980926514,7257600
2026-06-30,LIDR,1.3799999952316284,1.4700000286102295,1.3650000095367432,1.440000057220459,1433900
2026-06-30,ORBS,0.6800000071525574,0.7110000252723694,0.675000011920929,0.6959999799728394,9185700
2026-06-30,ORCL,147.25,149.92999267578125,144.47999572753906,146.5500030517578,35926900
2026-06-30,PLTR,114.94999694824219,118.69999694824219,114.56999969482422,116.66999816894531,38069700
2026-06-30,PLTU,24.360000610351562,26.059999465942383,24.31999969482422,25.200000762939453,3117100
2026-06-30,SPCX,163.3800048828125,172.39999389648438,161.63999938964844,170.86000061035156,82047500
2026-07-01,BULL,6.599999904632568,7.190000057220459,6.460000038146973,7.179999828338623,9960000
2026-07-01,LIDR,1.4600000381469727,1.5449999570846558,1.4199999570846558,1.4299999475479126,1894600
2026-07-01,ORBS,0.7099999785423279,0.7599999904632568,0.6850000023841858,0.7080000042915344,11855200
2026-07-01,ORCL,144.49000549316406,147.5500030517578,142.5,142.5,45964000
2026-07-01,PLTR,120.05000305175781,128.25,119.3499984741211,125.7300033569336,58561300
2026-07-01,PLTU,26.69499969482422,30.18400001525879,26.399999618530273,29.110000610351562,5439900
2026-07-01,SPCX,171.57000732421875,171.74000549316406,155.0,157.5399932861328,109317600
2026-07-02,BULL,7.300000190734863,7.590000152587891,7.090000152587891,7.170000076293945,12318900
2026-07-02,LIDR,1.4199999570846558,1.4600000381469727,1.3849999904632568,1.409999966621399,841200
2026-07-02,ORBS,0.75,0.777999997138977,0.7039999961853027,0.7089999914169312,10211000
2026-07-02,ORCL,143.3000030517578,147.05999755859375,138.8300018310547,140.27000427246094,44166700
2026-07-02,PLTR,128.99000549316406,132.8800048828125,127.94999694824219,129.3000030517578,60641000
2026-07-02,PLTU,30.489999771118164,32.369998931884766,30.260000228881836,30.68000030517578,5833300
2026-07-02,SPCX,159.72999572753906,162.16000366210938,155.8800048828125,162.0,61257100
2026-07-06,BULL,7.045000076293945,7.28000020980835,6.934999942779541,7.210000038146973,6952500
2026-07-06,LIDR,1.4299999475479126,1.4800000190734863,1.4199999570846558,1.440000057220459,603600
2026-07-06,ORBS,0.7149999737739563,0.7360000014305115,0.699999988079071,0.7350000143051147,7402200
2026-07-06,ORCL,144.3000030517578,145.6199951171875,141.16000366210938,143.75999450683594,36683000
2026-07-06,PLTR,127.23999786376953,134.06900024414062,126.63999938964844,132.5399932861328,37360100
2026-07-06,PLTU,29.6200008392334,32.959999084472656,29.5,32.2400016784668,3090600
2026-07-06,SPCX,165.9499969482422,167.89999389648438,155.0399932861328,160.4199981689453,188831300
2026-07-07,BULL,7.170000076293945,7.380000114440918,6.989999771118164,7.269999980926514,9044500
2026-07-07,LIDR,1.4199999570846558,1.4299999475479126,1.3300000429153442,1.340000033378601,717100
2026-07-07,ORBS,0.7269999980926514,0.7289999723434448,0.6710000038146973,0.6740000247955322,12132600
2026-07-07,ORCL,143.72000122070312,145.55999755859375,137.5500030517578,141.60000610351562,47200000
2026-07-07,PLTR,133.72999572753906,138.89999389648438,131.4600067138672,134.3699951171875,52570400
2026-07-07,PLTU,32.90999984741211,35.33000183105469,31.719999313354492,33.15999984741211,5574400
2026-07-07,SPCX,158.9199981689453,159.3000030517578,148.86000061035156,149.47000122070312,83779700
2026-07-08,BULL,7.065999984741211,7.300000190734863,6.994999885559082,7.239999771118164,7503000
2026-07-08,LIDR,1.3200000524520874,1.3600000143051147,1.2999999523162842,1.340000033378601,461100
2026-07-08,ORBS,0.6700000166893005,0.6899999976158142,0.6150000095367432,0.6520000100135803,13229600
2026-07-08,ORCL,139.05999755859375,141.83999633789062,137.5500030517578,140.49000549316406,34607300
2026-07-08,PLTR,129.49000549316406,132.38999938964844,126.70999908447266,132.22000122070312,40587800
2026-07-08,PLTU,30.739999771118164,32.13999938964844,29.3700008392334,32.06999969482422,3028700
2026-07-08,SPCX,152.5500030517578,152.92999267578125,145.1999969482422,148.3000030517578,60949400
2026-07-09,BULL,7.239999771118164,7.440000057220459,7.159999847412109,7.300000190734863,7035800
2026-07-09,LIDR,1.3600000143051147,1.3700000047683716,1.3300000429153442,1.3600000143051147,293200
2026-07-09,ORBS,0.6600000262260437,0.699999988079071,0.6520000100135803,0.6919999718666077,10821500
2026-07-09,ORCL,141.4199981689453,149.07000732421875,140.94000244140625,144.22000122070312,35221900
2026-07-09,PLTR,127.72000122070312,129.19000244140625,124.80999755859375,129.0399932861328,35286100
2026-07-09,PLTU,29.889999389648438,30.579999923706055,28.466999053955078,30.5,2597400
2026-07-09,SPCX,150.4499969482422,153.5,147.58999633789062,152.16000366210938,46468600
2026-07-10,BULL,7.489999771118164,7.53000020980835,7.264999866485596,7.380000114440918,7720100
2026-07-10,LIDR,1.3600000143051147,1.371999979019165,1.3200000524520874,1.340000033378601,270700
2026-07-10,ORBS,0.699999988079071,0.75,0.6830000281333923,0.6830000281333923,9238600
2026-07-10,ORCL,145.64999389648438,145.67999267578125,139.25999450683594,140.63999938964844,29843300
2026-07-10,PLTR,132.13999938964844,132.27999877929688,125.7699966430664,126.79000091552734,31163000
2026-07-10,PLTU,32.0,32.0,29.0,29.40999984741211,1761800
2026-07-10,SPCX,150.1300048828125,150.57000732421875,145.07000732421875,145.3000030517578,46826000
2026-07-13,BULL,7.340000152587891,7.474999904632568,7.179999828338623,7.28000020980835,7138300
2026-07-13,LIDR,1.340000033378601,1.340000033378601,1.2699999809265137,1.2899999618530273,659300
2026-07-13,ORBS,0.6759999990463257,0.6869999766349792,0.625,0.6430000066757202,8782900
2026-07-13,ORCL,139.02999877929688,139.64999389648438,131.35000610351562,131.5399932861328,56690300
2026-07-13,PLTR,127.29499816894531,130.72000122070312,126.19499969482422,130.0399932861328,39786500
2026-07-13,PLTU,29.760000228881836,31.209999084472656,29.159000396728516,30.90999984741211,2763700
2026-07-13,SPCX,144.6999969482422,144.9199981689453,136.77999877929688,139.13999938964844,71456500
2026-07-14,BULL,7.269999980926514,7.71999979019165,7.179999828338623,7.53000020980835,10675900
2026-07-14,LIDR,1.2899999618530273,1.3300000429153442,1.2899999618530273,1.309999942779541,602700
2026-07-14,ORBS,0.6779999732971191,0.6850000023841858,0.6299999952316284,0.675000011920929,11031900
2026-07-14,ORCL,132.0,132.75999450683594,127.5999984741211,127.94000244140625,52670400
2026-07-14,PLTR,123.61000061035156,135.7899932861328,122.63999938964844,133.72000122070312,49963700
2026-07-14,PLTU,27.850000381469727,33.625,27.40999984741211,32.650001525878906,2735000
2026-07-14,SPCX,140.9499969482422,143.3300018310547,135.52000427246094,136.0800018310547,46694800
2026-07-15,BULL,7.684999942779541,7.775000095367432,7.420000076293945,7.690000057220459,8414600
2026-07-15,LIDR,1.309999942779541,1.350000023841858,1.2400000095367432,1.25,714600
2026-07-15,ORBS,0.6899999976158142,0.6990000009536743,0.6499999761581421,0.6629999876022339,6497500
2026-07-15,ORCL,130.55999755859375,133.89999389648438,128.83999633789062,132.49000549316406,48520400
2026-07-15,PLTR,134.33999633789062,136.8800048828125,132.8800048828125,133.75999450683594,26064500
2026-07-15,PLTU,32.90999984741211,34.130001068115234,32.2400016784668,32.65999984741211,2703700
2026-07-15,SPCX,137.50999450683594,139.33999633789062,132.14999389648438,135.27000427246094,58040900
2026-07-16,BULL,7.730000019073486,7.889999866485596,7.489999771118164,7.519999980926514,11635500
2026-07-16,LIDR,1.25,1.2599999904632568,1.2100000381469727,1.2100000381469727,501800
2026-07-16,ORBS,0.6439999938011169,0.6679999828338623,0.6110000014305115,0.621999979019165,10171700
2026-07-16,ORCL,131.47999572753906,131.77999877929688,123.66000366210938,124.20999908447266,54780900
2026-07-16,PLTR,133.0800018310547,136.2100067138672,128.67999267578125,134.44000244140625,28951300
2026-07-16,PLTU,32.310001373291016,33.189998626708984,30.18000030517578,32.97999954223633,2283900
2026-07-16,SPCX,135.00999450683594,137.75999450683594,130.74000549316406,131.11000061035156,58725600
2026-07-17,BULL,7.199999809265137,7.320000171661377,6.900000095367432,7.230000019073486,10668000
2026-07-17,LIDR,1.2000000476837158,1.2450000047683716,1.1799999475479126,1.2200000286102295,502700
2026-07-17,ORBS,0.6010000109672546,0.6140000224113464,0.5709999799728394,0.5770000219345093,22668600
2026-07-17,ORCL,121.69999694824219,128.44000244140625,121.5,126.41000366210938,39917100
2026-07-17,PLTR,131.78500366210938,134.77000427246094,129.0500030517578,132.3800048828125,31875100
2026-07-17,PLTU,31.639999389648438,33.10900115966797,30.34000015258789,31.90999984741211,1931900
2026-07-17,SPCX,127.43000030517578,130.3300018310547,122.12000274658203,123.98999786376953,83706200
2026-07-20,BULL,7.360000133514404,7.769999980926514,7.199999809265137,7.690000057220459,10461900
2026-07-20,LIDR,1.25,1.25,1.2000000476837158,1.2200000286102295,272000
2026-07-20,ORBS,0.5820000171661377,0.6050000190734863,0.5659999847412109,0.5809999704360962,17943200
2026-07-20,ORCL,124.2699966430664,125.48999786376953,120.02999877929688,121.37999725341797,36793200
2026-07-20,PLTR,131.8800048828125,136.6199951171875,131.82000732421875,134.85000610351562,30571300
2026-07-20,PLTU,31.75,33.97999954223633,31.719999313354492,33.11000061035156,2264700
2026-07-20,SPCX,125.29000091552734,125.69999694824219,119.68000030517578,119.8499984741211,57337300
2026-07-21,BULL,7.809999942779541,8.25,7.769999980926514,8.149999618530273,16569300
2026-07-21,LIDR,1.25,1.309999942779541,1.2400000095367432,1.2699999809265137,345400
2026-07-21,ORBS,0.6179999709129333,0.652999997138977,0.6050000190734863,0.6449999809265137,13524900
2026-07-21,ORCL,122.80999755859375,127.41999816894531,122.20999908447266,127.05000305175781,27748100
2026-07-21,PLTR,133.8300018310547,134.67999267578125,131.22500610351562,132.66000366210938,23161800
2026-07-21,PLTU,32.654998779296875,33.0,31.360000610351562,32.02000045776367,2208900
2026-07-21,SPCX,122.11000061035156,129.8800048828125,120.36000061035156,123.54000091552734,79718100
2026-07-22,BULL,8.0600004196167,8.350000381469727,7.980000019073486,8.100000381469727,8912100
2026-07-22,LIDR,1.25,1.2899999618530273,1.2350000143051147,1.2400000095367432,269000
2026-07-22,ORBS,0.6499999761581421,0.6610000133514404,0.6269999742507935,0.640999972820282,12316900
2026-07-22,ORCL,126.18000030517578,128.83999633789062,124.69999694824219,125.83999633789062,21096700
2026-07-22,PLTR,132.22000122070312,132.34500122070312,123.44999694824219,124.56999969482422,38588300
2026-07-22,PLTU,31.940000534057617,31.950000762939453,27.6200008392334,28.149999618530273,2561000
2026-07-22,SPCX,123.29000091552734,124.7699966430664,115.19000244140625,115.26000213623047,92731800
2026-07-23,BULL,7.980000019073486,8.071999549865723,7.789999961853027,7.840000152587891,7316800
2026-07-23,LIDR,1.2300000190734863,1.2899999618530273,1.1799999475479126,1.1799999475479126,641000
2026-07-23,ORBS,0.6290000081062317,0.6489999890327454,0.6100000143051147,0.6460000276565552,14843800
2026-07-23,ORCL,123.95999908447266,124.69999694824219,119.44000244140625,120.04000091552734,30900600
2026-07-23,PLTR,125.93499755859375,126.4000015258789,120.7300033569336,123.37000274658203,29757900
2026-07-23,PLTU,28.739999771118164,28.950000762939453,26.389999389648438,27.530000686645508,1545000
2026-07-23,SPCX,115.20999908447266,118.55000305175781,110.8499984741211,118.23999786376953,75246500
2026-07-24,BULL,7.840000152587891,7.849999904632568,7.409999847412109,7.489999771118164,7288200
2026-07-24,LIDR,1.1699999570846558,1.190000057220459,1.1200000047683716,1.1299999952316284,669000
2026-07-24,ORBS,0.6480000019073486,0.6480000019073486,0.5989999771118164,0.6039999723434448,11565200
2026-07-24,ORCL,122.47000122070312,123.08000183105469,114.75,114.98999786376953,46405700
2026-07-24,PLTR,125.16500091552734,125.30999755859375,122.0199966430664,122.91999816894531,21177000
2026-07-24,PLTU,28.31999969482422,28.440000534057617,26.969999313354492,27.350000381469727,1135200
2026-07-24,SPCX,116.01000213623047,117.0,111.4000015258789,115.06999969482422,56786100
2026-07-27,BULL,7.75,7.795000076293945,7.480000019073486,7.539999961853027,7127600
2026-07-27,LIDR,1.1399999856948853,1.1699999570846558,1.0750000476837158,1.100000023841858,851700
2026-07-27,ORBS,0.6200000047683716,0.6389999985694885,0.6079999804496765,0.6209999918937683,14702400
2026-07-27,ORCL,118.0,121.98999786376953,116.80000305175781,119.9000015258789,36916600
2026-07-27,PLTR,126.15499877929688,132.41000366210938,125.30999755859375,131.52999877929688,36708200
2026-07-27,PLTU,28.799999237060547,31.549999237060547,28.40999984741211,31.15999984741211,1836000
2026-07-27,SPCX,113.5,114.8499984741211,108.66000366210938,113.5,64540700
2026-07-28,BULL,7.360000133514404,7.480000019073486,7.159999847412109,7.269999980926514,8735500
2026-07-28,LIDR,1.100000023841858,1.100000023841858,1.0479999780654907,1.0700000524520874,1243200
2026-07-28,ORBS,0.6129999756813049,0.6129999756813049,0.5720000267028809,0.597000002861023,15350900
2026-07-28,ORCL,118.18000030517578,122.33000183105469,114.5,119.95999908447266,32665400
2026-07-28,PLTR,125.83999633789062,127.19000244140625,117.88999938964844,123.52999877929688,43597300
2026-07-28,PLTU,28.440000534057617,29.079999923706055,24.729999542236328,27.3700008392334,2645400
2026-07-28,SPCX,109.31999969482422,118.12999725341797,107.01000213623047,116.41000366210938,81714300
2026-07-29,BULL,7.230000019073486,7.304999828338623,6.945000171661377,7.010000228881836,8311400
2026-07-29,LIDR,1.059999942779541,1.0750000476837158,1.0099999904632568,1.0199999809265137,613200
2026-07-29,ORBS,0.5799999833106995,0.6039999723434448,0.5680000185966492,0.5809999704360962,19982900
2026-07-29,ORCL,119.41999816894531,121.91999816894531,116.19999694824219,117.73999786376953,28081800
2026-07-29,PLTR,124.0,127.27999877929688,122.44999694824219,123.0,27207900
2026-07-29,PLTU,27.489999771118164,29.0,26.90999984741211,27.170000076293945,1493700
2026-07-29,SPCX,114.4000015258789,117.58999633789062,110.3499984741211,112.55000305175781,53995200
2026-07-30,BULL,7.010000228881836,7.190000057220459,6.929999828338623,7.150000095367432,6924700
2026-07-30,LIDR,1.0499999523162842,1.1100000143051147,1.0399999618530273,1.100000023841858,817100
2026-07-30,ORBS,0.5920000076293945,0.6320000290870667,0.5849999785423279,0.609000027179718,17060600
2026-07-30,ORCL,122.87000274658203,128.33999633789062,121.58000183105469,127.55999755859375,41338400
2026-07-30,PLTR,121.13999938964844,123.66999816894531,120.2699966430664,122.26000213623047,27801600
2026-07-30,PLTU,26.2450008392334,27.399999618530273,25.93000030517578,26.799999237060547,2006400
2026-07-30,SPCX,115.13999938964844,118.93000030517578,111.3499984741211,112.19999694824219,56008000
2026-07-31,BULL,7.110000133514404,7.239999771118164,6.949999809265137,7.059999942779541,6074900
2026-07-31,LIDR,1.1399999856948853,1.1699999570846558,1.1200000047683716,1.1399999856948853,657200
2026-07-31,ORBS,0.6119999885559082,0.625,0.5870000123977661,0.6029999852180481,15067200
2026-07-31,ORCL,130.07000732421875,132.39999389648438,125.69999694824219,129.8699951171875,34438700
2026-07-31,PLTR,122.29000091552734,123.38999938964844,119.62000274658203,123.05999755859375,29085100
2026-07-31,PLTU,26.670000076293945,27.274999618530273,25.658000946044922,27.110000610351562,1311300
2026-07-31,SPCX,113.0999984741211,113.63999938964844,107.56999969482422,108.37000274658203,58835700
2026-08-03,BULL,7.079999923706055,7.284999847412109,7.074999809265137,7.260000228881836,7203000
2026-08-03,LIDR,1.1399999856948853,1.2100000381469727,1.1299999952316284,1.1299999952316284,665200
2026-08-03,ORBS,0.6039999723434448,0.6779999732971191,0.6000000238418579,0.6579999923706055,12682700
2026-08-03,ORCL,131.9199981689453,143.07000732421875,130.2100067138672,141.85000610351562,49696900
2026-08-03,PLTR,126.69999694824219,126.96499633789062,123.65699768066406,125.6500015258789,77282900
2026-08-03,PLTU,28.610000610351562,28.860000610351562,27.489999771118164,28.389999389648438,7117000
2026-08-03,SPCX,106.4000015258789,114.91999816894531,104.83000183105469,114.52999877929688,70524000
2026-08-04,BULL,7.329999923706055,7.599999904632568,7.290999889373779,7.579999923706055,8937800
2026-08-04,LIDR,1.149999976158142,1.284999966621399,1.149999976158142,1.2599999904632568,1044100
2026-08-04,ORBS,0.6610000133514404,0.6980000138282776,0.6610000133514404,0.6840000152587891,10413200
2026-08-04,ORCL,141.00999450683594,148.6999969482422,141.00999450683594,145.74000549316406,43723500
2026-08-04,PLTR,145.14500427246094,164.52000427246094,143.27999877929688,162.66000366210938,175034700
2026-08-04,PLTU,36.97999954223633,45.709999084472656,36.26499938964844,44.81999969482422,12746500
2026-08-04,SPCX,117.33000183105469,126.70999908447266,115.72000122070312,125.33000183105469,144130100
2026-08-05,BULL,7.579999923706055,7.599999904632568,7.369999885559082,7.380000114440918,7277800
2026-08-05,LIDR,1.2599999904632568,1.309999942779541,1.25,1.2599999904632568,1693200
2026-08-05,ORBS,0.6890000104904175,0.6890000104904175,0.6600000262260437,0.6710000038146973,4094800
2026-08-05,ORCL,145.0,146.38999938964844,142.5,144.38999938964844,23524100
2026-08-05,PLTR,162.0,166.0800018310547,158.25,158.42999267578125,63515900
2026-08-05,PLTU,44.52000045776367,46.75,42.439998626708984,42.540000915527344,4356300
2026-08-05,SPCX,112.37000274658203,117.5,106.66000366210938,108.2699966430664,208488400
2026-08-06,BULL,7.340000152587891,7.440000057220459,7.159999847412109,7.21999979019165,5349000
2026-08-06,LIDR,1.25,1.2799999713897705,1.190000057220459,1.2200000286102295,3915600
2026-08-06,ORBS,0.6629999876022339,0.6859999895095825,0.6399999856948853,0.6679999828338623,4899300
2026-08-06,ORCL,139.25,146.5800018310547,138.72000122070312,143.47000122070312,23073300
2026-08-06,PLTR,155.8699951171875,158.0,152.6999969482422,155.9199981689453,41751400
2026-08-06,PLTU,41.2599983215332,42.28499984741211,39.439998626708984,41.13999938964844,1865900
2026-08-06,SPCX,107.08999633789062,115.75,105.11000061035156,114.91999816894531,255176600
2026-08-07,BULL,7.324999809265137,7.434999942779541,7.230000019073486,7.320000171661377,6117600
2026-08-07,LIDR,1.190000057220459,1.3250000476837158,1.1399999856948853,1.3200000524520874,2223000
2026-08-07,ORBS,0.6840000152587891,0.7080000042915344,0.6600000262260437,0.6890000104904175,5753400
2026-08-07,ORCL,145.32000732421875,147.16000366210938,142.33999633789062,147.02000427246094,22874000
2026-08-07,PLTR,160.07000732421875,172.41000366210938,159.9600067138672,172.00999450683594,77579900
2026-08-07,PLTU,43.33000183105469,49.86800003051758,43.29100036621094,49.599998474121094,3680000
2026-08-07,SPCX,114.97000122070312,133.47999572753906,114.52999877929688,133.11000061035156,242130700
2026-08-10,BULL,7.329999923706055,7.445000171661377,7.244999885559082,7.260000228881836,4936100
2026-08-10,LIDR,1.2899999618530273,1.3799999952316284,1.2599999904632568,1.2999999523162842,952300
2026-08-10,ORBS,0.7059999704360962,0.7369999885559082,0.6700000166893005,0.7269999980926514,7285300
2026-08-10,ORCL,148.25999450683594,151.99000549316406,146.6199951171875,151.0500030517578,24265000
2026-08-10,PLTR,171.00999450683594,179.60000610351562,170.8699951171875,175.22999572753906,57402700
2026-08-10,PLTU,49.11000061035156,54.029998779296875,49.11000061035156,51.459999084472656,3110200
2026-08-10,SPCX,134.9499969482422,139.25999450683594,130.1699981689453,138.74000549316406,169934300
2026-08-11,BULL,7.28000020980835,7.679999828338623,7.170000076293945,7.570000171661377,14614200
2026-08-11,LIDR,1.309999942779541,1.350000023841858,1.274999976158142,1.3300000429153442,659300
2026-08-11,ORBS,0.7089999914169312,0.7459999918937683,0.6830000281333923,0.7450000047683716,8160100
2026-08-11,ORCL,151.1999969482422,151.99000549316406,144.24000549316406,145.47999572753906,28761800
2026-08-11,PLTR,174.17999267578125,177.94000244140625,172.72000122070312,174.94000244140625,43162500
2026-08-11,PLTU,51.0,53.06999969482422,50.03099822998047,51.29999923706055,1630600
2026-08-11,SPCX,138.66000366210938,139.97999572753906,130.5,133.2899932861328,108900600
2026-08-12,BULL,7.659999847412109,7.880000114440918,7.480000019073486,7.670000076293945,10417200
2026-08-12,LIDR,1.3300000429153442,1.3350000381469727,1.2599999904632568,1.3200000524520874,713900
2026-08-12,ORBS,0.7480000257492065,0.7480000257492065,0.7099999785423279,0.7369999885559082,8472700
2026-08-12,ORCL,152.80999755859375,154.88999938964844,147.88999938964844,153.27999877929688,43559400
2026-08-12,PLTR,174.07000732421875,175.08999633789062,168.33999633789062,171.0399932861328,35220300
2026-08-12,PLTU,51.0,51.290000915527344,47.439998626708984,49.040000915527344,1944600
2026-08-12,SPCX,135.0500030517578,149.60000610351562,134.00999450683594,146.14999389648438,167236400
2026-08-13,BULL,7.670000076293945,8.140000343322754,7.659999847412109,7.949999809265137,11221100
2026-08-13,LIDR,1.3200000524520874,1.3700000047683716,1.2799999713897705,1.2799999713897705,663000
2026-08-13,ORBS,0.7400000095367432,0.7689999938011169,0.7279999852180481,0.7540000081062317,11102200
2026-08-13,ORCL,151.97999572753906,159.25999450683594,151.91000366210938,156.22000122070312,25740000
2026-08-13,PLTR,173.39999389648438,179.91000366210938,172.3300018310547,179.00999450683594,36511200
2026-08-13,PLTU,50.40999984741211,54.099998474121094,49.77000045776367,53.5099983215332,1694800
2026-08-13,SPCX,143.75,145.0500030517578,139.75999450683594,141.2899932861328,120282200
2026-08-14,BULL,7.949999809265137,8.100000381469727,7.869999885559082,8.039999961853027,7255200
2026-08-14,LIDR,1.2899999618530273,1.3250000476837158,1.2710000276565552,1.309999942779541,648800
2026-08-14,ORBS,0.753000020980835,0.7540000081062317,0.7200000286102295,0.722000002861023,7866900
2026-08-14,ORCL,155.83999633789062,156.38999938964844,148.8000030517578,150.52000427246094,21905500
2026-08-14,PLTR,179.47999572753906,180.17999267578125,173.8000030517578,174.0399932861328,24065800
2026-08-14,PLTU,53.68000030517578,54.20000076293945,50.45000076293945,50.560001373291016,890100
2026-08-14,SPCX,142.89999389648438,144.02000427246094,135.5,140.0,96727800
2026-08-17,BULL,8.039999961853027,8.25,7.960000038146973,8.15999984741211,11720100
2026-08-17,LIDR,1.2999999523162842,1.309000015258789,1.2699999809265137,1.2799999713897705,311100
2026-08-17,ORBS,0.7260000109672546,0.7260000109672546,0.6489999890327454,0.6819999814033508,22635700
2026-08-17,ORCL,148.4499969482422,150.39999389648438,145.5,146.64999389648438,20668000
2026-08-17,PLTR,174.05999755859375,176.27499389648438,172.30099487304688,172.5500030517578,24590900
2026-08-17,PLTU,50.65999984741211,51.849998474121094,49.58000183105469,49.68000030517578,709900
2026-08-17,SPCX,139.97999572753906,149.8000030517578,139.5800018310547,146.22999572753906,116675400
2026-08-18,BULL,7.980000019073486,8.069999694824219,7.829999923706055,7.929999828338623,12598300
2026-08-18,LIDR,1.2699999809265137,1.2799999713897705,1.2300000190734863,1.25,456500
2026-08-18,ORBS,0.6600000262260437,0.6850000023841858,0.6499999761581421,0.6620000004768372,13111600
2026-08-18,ORCL,143.25,146.0,142.35000610351562,142.7899932861328,19152300
2026-08-18,PLTR,171.97000122070312,174.97999572753906,170.61000061035156,171.5399932861328,28082100
2026-08-18,PLTU,49.310001373291016,51.099998474121094,48.599998474121094,49.09000015258789,894500
2026-08-18,SPCX,140.72999572753906,146.4600067138672,139.41000366210938,143.33999633789062,84191000
2026-08-19,BULL,8.010000228881836,8.699999809265137,7.909999847412109,8.640000343322754,39164500
2026-08-19,LIDR,1.2599999904632568,1.2999999523162842,1.2200000286102295,1.2599999904632568,374500
2026-08-19,ORBS,0.6850000023841858,0.753000020980835,0.6660000085830688,0.7440000176429749,28555400
2026-08-19,ORCL,142.6999969482422,146.0800018310547,137.42999267578125,143.80999755859375,26552900
2026-08-19,PLTR,172.61000061035156,176.82000732421875,169.77099609375,175.19000244140625,36132600
2026-08-19,PLTU,49.71500015258789,52.11000061035156,48.119998931884766,51.150001525878906,1154000
2026-08-19,SPCX,144.9600067138672,145.00999450683594,136.72000122070312,139.64999389648438,76612300
2026-08-20,BULL,9.9399995803833,9.949999809265137,8.819999694824219,8.850000381469727,50827500
2026-08-20,LIDR,1.2799999713897705,1.2899999618530273,1.2300000190734863,1.2599999904632568,619400
2026-08-20,ORBS,0.7519999742507935,0.8600000143051147,0.746999979019165,0.8270000219345093,25639900
2026-08-20,ORCL,144.3000030517578,145.9199981689453,141.02000427246094,142.07000732421875,15184400
2026-08-20,PLTR,175.8800048828125,176.4600067138672,172.02999877929688,173.9600067138672,27018400
2026-08-20,PLTU,51.13999938964844,51.900001525878906,49.349998474121094,50.400001525878906,678800
2026-08-20,SPCX,137.2899932861328,137.8800048828125,130.38999938964844,134.0,119813200
2026-08-21,BULL,8.989999771118164,9.550000190734863,8.569999694824219,8.779999732971191,28227000
2026-08-21,LIDR,1.2699999809265137,1.2899999618530273,1.2239999771118164,1.2699999809265137,455400
2026-08-21,ORBS,0.8640000224113464,0.8889999985694885,0.8270000219345093,0.8799999952316284,19562000
2026-08-21,ORCL,143.72000122070312,148.35000610351562,142.60000610351562,146.47000122070312,19635000
2026-08-21,PLTR,173.97999572753906,182.44000244140625,172.5500030517578,179.94000244140625,41076200
2026-08-21,PLTU,50.40999984741211,55.33000183105469,49.65999984741211,53.849998474121094,2464800
2026-08-21,SPCX,134.32000732421875,137.35000610351562,131.22000122070312,136.97000122070312,78808300
2026-08-24,BULL,8.579999923706055,9.005000114440918,8.430000305175781,8.529999732971191,20603800
2026-08-24,LIDR,1.2699999809265137,1.2699999809265137,1.2000000476837158,1.2100000381469727,385000
2026-08-24,ORBS,0.8899999856948853,0.8899999856948853,0.824999988079071,0.8399999737739563,16807000
2026-08-24,ORCL,145.1199951171875,145.1199951171875,141.25,142.4499969482422,14158600
2026-08-24,PLTR,177.38999938964844,178.75,171.30999755859375,175.88999938964844,35115500
2026-08-24,PLTU,52.36000061035156,53.13999938964844,48.689998626708984,51.43000030517578,980200
2026-08-24,SPCX,134.36000061035156,138.3300018310547,133.10000610351562,135.0,60188400
2026-08-25,BULL,8.460000038146973,9.045000076293945,8.40999984741211,8.9399995803833,24110900
2026-08-25,LIDR,1.2100000381469727,1.2400000095367432,1.2050000429153442,1.2300000190734863,399300
2026-08-25,ORBS,0.8299999833106995,0.8479999899864197,0.7900000214576721,0.800000011920929,14038200
2026-08-25,ORCL,143.3000030517578,146.33999633789062,142.50999450683594,144.75999450683594,13329400
2026-08-25,PLTR,176.6300048828125,179.8699951171875,172.1999969482422,172.72999572753906,24558500
2026-08-25,PLTU,51.9900016784668,53.779998779296875,49.33000183105469,49.599998474121094,787900
2026-08-25,SPCX,136.94000244140625,139.75,136.10000610351562,137.9499969482422,53075000
2026-08-26,BULL,8.885000228881836,8.960000038146973,8.694999694824219,8.779999732971191,12731571
2026-08-26,LIDR,1.2000000476837158,1.2295000553131104,1.1799999475479126,1.1799999475479126,432774
2026-08-26,ORBS,0.7954999804496765,0.8201000094413757,0.7649999856948853,0.802299976348877,18105569
2026-08-26,ORCL,147.0,151.61000061035156,146.8249969482422,148.8699951171875,18073128
2026-08-26,PLTR,170.4239959716797,178.49000549316406,168.89999389648438,177.5,27720671
2026-08-26,PLTU,48.22999954223633,52.89500045776367,47.36000061035156,52.369998931884766,761880
2026-08-26,SPCX,136.93499755859375,139.97999572753906,135.10000610351562,139.6300048828125,59784460
